Entity,Code,Year,Gini coefficient,990179-annotations,Continent
Albania,ALB,1996,0.27010342,,Europe
Albania,ALB,2002,0.3173898,,Europe
Albania,ALB,2005,0.30595654,,Europe
Albania,ALB,2008,0.2998467,,Europe
Albania,ALB,2012,0.28960484,,Europe
Albania,ALB,2014,0.34598896,,Europe
Albania,ALB,2015,0.32753733,,Europe
Albania,ALB,2016,0.33736297,,Europe
Albania,ALB,2017,0.33055663,,Europe
Albania,ALB,2018,0.30148283,,Europe
Albania,ALB,2019,0.30115768,,Europe
Albania,ALB,2020,0.2941963,,Europe
Algeria,DZA,1988,0.37356994,,Africa
Algeria,DZA,1995,0.35330054,,Africa
Algeria,DZA,2011,0.27615732,,Africa
Angola,AGO,2000,0.5194472,,Africa
Angola,AGO,2008,0.42715514,,Africa
Angola,AGO,2018,0.51263994,,Africa
Armenia,ARM,1999,0.36219725,,Asia
Armenia,ARM,2001,0.3536436,,Asia
Armenia,ARM,2002,0.34779674,,Asia
Armenia,ARM,2003,0.33028087,,Asia
Armenia,ARM,2004,0.37505633,,Asia
Armenia,ARM,2005,0.35992354,,Asia
Armenia,ARM,2006,0.29709986,,Asia
Armenia,ARM,2007,0.31226057,,Asia
Armenia,ARM,2008,0.2918814,,Asia
Armenia,ARM,2009,0.2801588,,Asia
Armenia,ARM,2010,0.29992583,,Asia
Armenia,ARM,2011,0.29352945,,Asia
Armenia,ARM,2012,0.29602262,,Asia
Armenia,ARM,2013,0.30579662,,Asia
Armenia,ARM,2014,0.3148329,,Asia
Armenia,ARM,2015,0.32356772,,Asia
Armenia,ARM,2016,0.32547948,,Asia
Armenia,ARM,2017,0.3362184,,Asia
Armenia,ARM,2018,0.344335,,Asia
Armenia,ARM,2019,0.30031213,,Asia
Armenia,ARM,2020,0.25131604,,Asia
Armenia,ARM,2021,0.2794013,,Asia
Armenia,ARM,2022,0.27945295,,Asia
Australia,AUS,1981,0.31324756,,Oceania
Australia,AUS,1985,0.3249643,,Oceania
Australia,AUS,1989,0.33151928,,Oceania
Australia,AUS,1995,0.3257863,,Oceania
Australia,AUS,2001,0.33462042,,Oceania
Australia,AUS,2003,0.3349686,,Oceania
Australia,AUS,2004,0.3305577,,Oceania
Australia,AUS,2008,0.3542851,,Oceania
Australia,AUS,2010,0.34656727,,Oceania
Australia,AUS,2014,0.34398198,,Oceania
Australia,AUS,2016,0.33685225,,Oceania
Australia,AUS,2018,0.34332561,,Oceania
Austria,AUT,1994,0.3082802,,Europe
Austria,AUT,1995,0.29914328,,Europe
Austria,AUT,1996,0.29317808,,Europe
Austria,AUT,1997,0.29065368,,Europe
Austria,AUT,1998,0.31340772,,Europe
Austria,AUT,1999,0.2967054,,Europe
Austria,AUT,2000,0.28964692,,Europe
Austria,AUT,2003,0.29465577,,Europe
Austria,AUT,2004,0.29788825,,Europe
Austria,AUT,2005,0.28715184,,Europe
Austria,AUT,2006,0.29587558,,Europe
Austria,AUT,2007,0.30579385,,Europe
Austria,AUT,2008,0.30437064,,Europe
Austria,AUT,2009,0.31494802,,Europe
Austria,AUT,2010,0.3025161,,Europe
Austria,AUT,2011,0.30801,,Europe
Austria,AUT,2012,0.30475533,,Europe
Austria,AUT,2013,0.30752888,,Europe
Austria,AUT,2014,0.3053535,,Europe
Austria,AUT,2015,0.30530685,,Europe
Austria,AUT,2016,0.3079501,,Europe
Austria,AUT,2017,0.2973688,,Europe
Austria,AUT,2018,0.30847305,,Europe
Austria,AUT,2019,0.3021043,,Europe
Austria,AUT,2020,0.29800606,,Europe
Austria,AUT,2021,0.30701602,,Europe
Azerbaijan,AZE,1995,0.3464838,,Asia
Azerbaijan,AZE,2001,0.36454937,,Asia
Azerbaijan,AZE,2002,0.25277665,,Asia
Azerbaijan,AZE,2003,0.2683288,,Asia
Azerbaijan,AZE,2004,0.26621592,,Asia
Azerbaijan,AZE,2005,0.26554906,,Asia
Bangladesh,BGD,1983,0.2587649,,Asia
Bangladesh,BGD,1985,0.26917496,,Asia
Bangladesh,BGD,1988,0.28846547,,Asia
Bangladesh,BGD,1991,0.27570805,,Asia
Bangladesh,BGD,1995,0.32942984,,Asia
Bangladesh,BGD,2000,0.33406532,,Asia
Bangladesh,BGD,2005,0.33201292,,Asia
Bangladesh,BGD,2010,0.32130313,,Asia
Bangladesh,BGD,2016,0.32385272,,Asia
Bangladesh,BGD,2022,0.33373156,,Asia
Belarus,BLR,1998,0.3201835,,Europe
Belarus,BLR,1999,0.31738147,,Europe
Belarus,BLR,2000,0.31167483,,Europe
Belarus,BLR,2001,0.30576724,,Europe
Belarus,BLR,2002,0.30336243,,Europe
Belarus,BLR,2003,0.28821012,,Europe
Belarus,BLR,2004,0.26479885,,Europe
Belarus,BLR,2005,0.2755341,,Europe
Belarus,BLR,2006,0.28275442,,Europe
Belarus,BLR,2007,0.2961238,,Europe
Belarus,BLR,2008,0.27826044,,Europe
Belarus,BLR,2009,0.27689305,,Europe
Belarus,BLR,2010,0.285666,,Europe
Belarus,BLR,2011,0.2715255,,Europe
Belarus,BLR,2012,0.26526198,,Europe
Belarus,BLR,2013,0.26575053,,Europe
Belarus,BLR,2014,0.27176666,,Europe
Belarus,BLR,2015,0.25633225,,Europe
Belarus,BLR,2016,0.25306615,,Europe
Belarus,BLR,2017,0.2544457,,Europe
Belarus,BLR,2018,0.25240526,,Europe
Belarus,BLR,2019,0.25277847,,Europe
Belarus,BLR,2020,0.24383356,,Europe
Belgium,BEL,1985,0.2520385,,Europe
Belgium,BEL,1988,0.25711522,,Europe
Belgium,BEL,1992,0.2494629,,Europe
Belgium,BEL,1995,0.28410766,,Europe
Belgium,BEL,1997,0.2683214,,Europe
Belgium,BEL,2000,0.33135915,,Europe
Belgium,BEL,2003,0.28143317,,Europe
Belgium,BEL,2004,0.30541426,,Europe
Belgium,BEL,2005,0.29336902,,Europe
Belgium,BEL,2006,0.28054035,,Europe
Belgium,BEL,2007,0.29237667,,Europe
Belgium,BEL,2008,0.28373718,,Europe
Belgium,BEL,2009,0.28551185,,Europe
Belgium,BEL,2010,0.28374815,,Europe
Belgium,BEL,2011,0.2806043,,Europe
Belgium,BEL,2012,0.27490476,,Europe
Belgium,BEL,2013,0.27668843,,Europe
Belgium,BEL,2014,0.28134006,,Europe
Belgium,BEL,2015,0.27729303,,Europe
Belgium,BEL,2016,0.2758073,,Europe
Belgium,BEL,2017,0.27387637,,Europe
Belgium,BEL,2018,0.2721419,,Europe
Belgium,BEL,2019,0.27219546,,Europe
Belgium,BEL,2020,0.2595828,,Europe
Belgium,BEL,2021,0.2657763,,Europe
Belize,BLZ,1993,0.6022769,,North America
Belize,BLZ,1994,0.60867983,,North America
Belize,BLZ,1996,0.5654803,,North America
Belize,BLZ,1997,0.6035009,,North America
Belize,BLZ,1998,0.54866445,,North America
Belize,BLZ,1999,0.5323102,,North America
Benin,BEN,2003,0.3857762,,Africa
Benin,BEN,2011,0.43439555,,Africa
Benin,BEN,2015,0.4762964,,Africa
Benin,BEN,2018,0.37948644,,Africa
Benin,BEN,2021,0.34395808,,Africa
Bhutan,BTN,2003,0.40898,,Asia
Bhutan,BTN,2007,0.3809077,,Asia
Bhutan,BTN,2012,0.38809326,,Asia
Bhutan,BTN,2017,0.3744141,,Asia
Bhutan,BTN,2022,0.2845992,,Asia
Bolivia,BOL,1997,0.5814129,,South America
Bolivia,BOL,1999,0.5803485,,South America
Bolivia,BOL,2000,0.61563873,,South America
Bolivia,BOL,2001,0.57366186,,South America
Bolivia,BOL,2002,0.59274095,,South America
Bolivia,BOL,2004,0.5500019,,South America
Bolivia,BOL,2005,0.58518255,,South America
Bolivia,BOL,2006,0.56660104,,South America
Bolivia,BOL,2007,0.5453242,,South America
Bolivia,BOL,2008,0.50814897,,South America
Bolivia,BOL,2009,0.4922026,,South America
Bolivia,BOL,2011,0.46080348,,South America
Bolivia,BOL,2012,0.46579948,,South America
Bolivia,BOL,2013,0.47588572,,South America
Bolivia,BOL,2014,0.47829148,,South America
Bolivia,BOL,2015,0.46731615,,South America
Bolivia,BOL,2016,0.45240772,,South America
Bolivia,BOL,2017,0.4461778,,South America
Bolivia,BOL,2018,0.4257908,,South America
Bolivia,BOL,2019,0.416443,,South America
Bolivia,BOL,2020,0.4364544,,South America
Bolivia,BOL,2021,0.40913323,,South America
Bosnia and Herzegovina,BIH,2001,0.2996643,,Europe
Bosnia and Herzegovina,BIH,2004,0.3403749,,Europe
Bosnia and Herzegovina,BIH,2007,0.33061588,,Europe
Bosnia and Herzegovina,BIH,2011,0.33030185,,Europe
Botswana,BWA,1985,0.5421201,,Africa
Botswana,BWA,1993,0.6014759,,Africa
Botswana,BWA,2002,0.6472722,,Africa
Botswana,BWA,2009,0.604583,,Africa
Botswana,BWA,2015,0.5332503,,Africa
Brazil,BRA,1981,0.5786262,,South America
Brazil,BRA,1982,0.5835481,,South America
Brazil,BRA,1983,0.58902174,,South America
Brazil,BRA,1984,0.58297414,,South America
Brazil,BRA,1985,0.5552505,,South America
Brazil,BRA,1986,0.5843224,,South America
Brazil,BRA,1987,0.59642065,,South America
Brazil,BRA,1988,0.61370975,,South America
Brazil,BRA,1989,0.6324467,,South America
Brazil,BRA,1990,0.6044999,,South America
Brazil,BRA,1992,0.5310165,,South America
Brazil,BRA,1993,0.600656,,South America
Brazil,BRA,1995,0.59530365,,South America
Brazil,BRA,1996,0.5983732,,South America
Brazil,BRA,1997,0.59753734,,South America
Brazil,BRA,1998,0.5956541,,South America
Brazil,BRA,1999,0.5895037,,South America
Brazil,BRA,2001,0.5840255,,South America
Brazil,BRA,2002,0.58105445,,South America
Brazil,BRA,2003,0.57553095,,South America
Brazil,BRA,2004,0.564716,,South America
Brazil,BRA,2005,0.56309944,,South America
Brazil,BRA,2006,0.5564207,,South America
Brazil,BRA,2007,0.54918945,,South America
Brazil,BRA,2008,0.5403744,,South America
Brazil,BRA,2009,0.5368187,,South America
Brazil,BRA,2011,0.5294164,,South America
Brazil,BRA,2012,0.53435296,,South America
Brazil,BRA,2013,0.5268333,,South America
Brazil,BRA,2014,0.5202964,,South America
Brazil,BRA,2015,0.51926446,,South America
Brazil,BRA,2016,0.533671,,South America
Brazil,BRA,2017,0.53321064,,South America
Brazil,BRA,2018,0.5388832,,South America
Brazil,BRA,2019,0.5350931,,South America
Brazil,BRA,2020,0.48902002,,South America
Brazil,BRA,2021,0.52938724,,South America
Brazil,BRA,2022,0.5201522,,South America
Bulgaria,BGR,1992,0.3071431,,Europe
Bulgaria,BGR,2006,0.3568935,,Europe
Bulgaria,BGR,2007,0.36095893,,Europe
Bulgaria,BGR,2008,0.33572584,,Europe
Bulgaria,BGR,2009,0.3382308,,Europe
Bulgaria,BGR,2010,0.3565347,,Europe
Bulgaria,BGR,2011,0.34275046,,Europe
Bulgaria,BGR,2012,0.36011046,,Europe
Bulgaria,BGR,2013,0.36570963,,Europe
Bulgaria,BGR,2014,0.37415925,,Europe
Bulgaria,BGR,2015,0.38564444,,Europe
Bulgaria,BGR,2016,0.40589708,,Europe
Bulgaria,BGR,2017,0.40378964,,Europe
Bulgaria,BGR,2018,0.41284075,,Europe
Bulgaria,BGR,2019,0.40271127,,Europe
Bulgaria,BGR,2020,0.40523154,,Europe
Bulgaria,BGR,2021,0.3900545,,Europe
Burkina Faso,BFA,1994,0.4802524,,Africa
Burkina Faso,BFA,1998,0.49877948,,Africa
Burkina Faso,BFA,2003,0.4325128,,Africa
Burkina Faso,BFA,2009,0.39761,,Africa
Burkina Faso,BFA,2014,0.35301226,,Africa
Burkina Faso,BFA,2018,0.43016732,,Africa
Burkina Faso,BFA,2021,0.37391287,,Africa
Burundi,BDI,1992,0.3333381,,Africa
Burundi,BDI,1998,0.42059556,,Africa
Burundi,BDI,2006,0.33359864,,Africa
Burundi,BDI,2013,0.38623992,,Africa
Burundi,BDI,2020,0.37456092,,Africa
Cameroon,CMR,1996,0.44446665,,Africa
Cameroon,CMR,2001,0.42136794,,Africa
Cameroon,CMR,2007,0.42820063,,Africa
Cameroon,CMR,2014,0.46640873,,Africa
Cameroon,CMR,2021,0.42176074,,Africa
Canada,CAN,1971,0.3724673,,North America
Canada,CAN,1973,0.34901822,,North America
Canada,CAN,1975,0.34087208,,North America
Canada,CAN,1977,0.33729303,,North America
Canada,CAN,1979,0.3346914,,North America
Canada,CAN,1981,0.32963082,,North America
Canada,CAN,1982,0.329306,,North America
Canada,CAN,1984,0.33518428,,North America
Canada,CAN,1985,0.33174872,,North America
Canada,CAN,1986,0.3167582,,North America
Canada,CAN,1987,0.31653875,,North America
Canada,CAN,1988,0.31197873,,North America
Canada,CAN,1989,0.3101252,,North America
Canada,CAN,1990,0.31365362,,North America
Canada,CAN,1991,0.31943396,,North America
Canada,CAN,1992,0.3156432,,North America
Canada,CAN,1993,0.31675926,,North America
Canada,CAN,1994,0.3130381,,North America
Canada,CAN,1995,0.3150958,,North America
Canada,CAN,1996,0.32768053,,North America
Canada,CAN,1997,0.33116943,,North America
Canada,CAN,1998,0.33217245,,North America
Canada,CAN,1999,0.33060935,,North America
Canada,CAN,2000,0.33418295,,North America
Canada,CAN,2001,0.33554783,,North America
Canada,CAN,2002,0.3356031,,North America
Canada,CAN,2003,0.33809465,,North America
Canada,CAN,2004,0.33776483,,North America
Canada,CAN,2005,0.33621806,,North America
Canada,CAN,2006,0.3409054,,North America
Canada,CAN,2007,0.33841008,,North America
Canada,CAN,2008,0.33930567,,North America
Canada,CAN,2009,0.33952153,,North America
Canada,CAN,2010,0.33592603,,North America
Canada,CAN,2011,0.32657078,,North America
Canada,CAN,2012,0.33539012,,North America
Canada,CAN,2013,0.3379898,,North America
Canada,CAN,2014,0.33157605,,North America
Canada,CAN,2015,0.33746484,,North America
Canada,CAN,2016,0.32701823,,North America
Canada,CAN,2017,0.33308205,,North America
Canada,CAN,2018,0.3250927,,North America
Canada,CAN,2019,0.31749648,,North America
Cape Verde,CPV,2001,0.5249597,,Africa
Cape Verde,CPV,2007,0.47187388,,Africa
Cape Verde,CPV,2015,0.42381087,,Africa
Central African Republic,CAF,1992,0.5927244,,Africa
Central African Republic,CAF,2008,0.56177914,,Africa
Central African Republic,CAF,2021,0.43027893,,Africa
Chad,TCD,2003,0.39809614,,Africa
Chad,TCD,2011,0.43319756,,Africa
Chad,TCD,2018,0.37499154,,Africa
Chad,TCD,2022,0.373575,,Africa
Chile,CHL,1987,0.56193036,,South America
Chile,CHL,1990,0.5723538,,South America
Chile,CHL,1992,0.54806453,,South America
Chile,CHL,1994,0.5642096,,South America
Chile,CHL,1996,0.54868835,,South America
Chile,CHL,1998,0.5551666,,South America
Chile,CHL,2000,0.5275838,,South America
Chile,CHL,2003,0.51475215,,South America
Chile,CHL,2006,0.47706816,,South America
Chile,CHL,2009,0.47404596,,South America
Chile,CHL,2011,0.46868134,,South America
Chile,CHL,2013,0.46823916,,South America
Chile,CHL,2015,0.45343325,,South America
Chile,CHL,2017,0.4526995,,South America
Chile,CHL,2020,0.4700476,,South America
Chile,CHL,2022,0.4304274,,South America
China,CHN,1981,0.28164098,,Asia
China,CHN,1984,0.271023,,Asia
China,CHN,1987,0.29385957,,Asia
China,CHN,1990,0.3222662,,Asia
China,CHN,1993,0.338778,,Asia
China,CHN,1996,0.3522766,,Asia
China,CHN,1999,0.38703215,,Asia
China,CHN,2002,0.41985723,,Asia
China,CHN,2005,0.40900767,,Asia
China,CHN,2008,0.4296504,,Asia
China,CHN,2010,0.43744954,,Asia
China,CHN,2011,0.42409223,,Asia
China,CHN,2012,0.42237166,,Asia
China,CHN,2013,0.397364,,Asia
China,CHN,2014,0.39177653,,Asia
China,CHN,2015,0.38595304,,Asia
China,CHN,2016,0.38480517,,Asia
China,CHN,2017,0.39075777,,Asia
China,CHN,2018,0.38497642,,Asia
China,CHN,2019,0.38168344,,Asia
China,CHN,2020,0.37090832,,Asia
China,CHN,2021,0.35743752,,Asia
Colombia,COL,1992,0.51352334,,South America
Colombia,COL,1996,0.5678045,,South America
Colombia,COL,1999,0.5853699,,South America
Colombia,COL,2000,0.5839443,,South America
Colombia,COL,2001,0.57328486,,South America
Colombia,COL,2002,0.56007546,,South America
Colombia,COL,2003,0.5357371,,South America
Colombia,COL,2004,0.5497496,,South America
Colombia,COL,2005,0.53908044,,South America
Colombia,COL,2008,0.5530713,,South America
Colombia,COL,2009,0.54283005,,South America
Colombia,COL,2010,0.5461688,,South America
Colombia,COL,2011,0.5348354,,South America
Colombia,COL,2012,0.52637744,,South America
Colombia,COL,2013,0.52625173,,South America
Colombia,COL,2014,0.52543414,,South America
Colombia,COL,2015,0.50983036,,South America
Colombia,COL,2016,0.505629,,South America
Colombia,COL,2017,0.4970708,,South America
Colombia,COL,2018,0.50410813,,South America
Colombia,COL,2019,0.5132595,,South America
Colombia,COL,2020,0.53488696,,South America
Colombia,COL,2021,0.5511767,,South America
Colombia,COL,2022,0.5481926,,South America
Comoros,COM,2004,0.5592444,,Africa
Comoros,COM,2014,0.45332918,,Africa
Congo,COG,2005,0.4732929,,Africa
Congo,COG,2011,0.48937136,,Africa
Costa Rica,CRI,1981,0.47494763,,North America
Costa Rica,CRI,1986,0.34414107,,North America
Costa Rica,CRI,1989,0.4546724,,North America
Costa Rica,CRI,1990,0.45215893,,North America
Costa Rica,CRI,1991,0.46555334,,North America
Costa Rica,CRI,1992,0.4564088,,North America
Costa Rica,CRI,1993,0.45928076,,North America
Costa Rica,CRI,1994,0.4670296,,North America
Costa Rica,CRI,1995,0.45660135,,North America
Costa Rica,CRI,1996,0.46479103,,North America
Costa Rica,CRI,1997,0.45579028,,North America
Costa Rica,CRI,1998,0.45638052,,North America
Costa Rica,CRI,1999,0.4763139,,North America
Costa Rica,CRI,2000,0.47410414,,North America
Costa Rica,CRI,2001,0.515062,,North America
Costa Rica,CRI,2002,0.51812834,,North America
Costa Rica,CRI,2003,0.49300545,,North America
Costa Rica,CRI,2004,0.4841771,,North America
Costa Rica,CRI,2005,0.47510344,,North America
Costa Rica,CRI,2006,0.4928061,,North America
Costa Rica,CRI,2007,0.4931286,,North America
Costa Rica,CRI,2008,0.48640883,,North America
Costa Rica,CRI,2009,0.5055479,,North America
Costa Rica,CRI,2010,0.48043102,,North America
Costa Rica,CRI,2011,0.4875928,,North America
Costa Rica,CRI,2012,0.4841734,,North America
Costa Rica,CRI,2013,0.49151823,,North America
Costa Rica,CRI,2014,0.4863214,,North America
Costa Rica,CRI,2015,0.48374,,North America
Costa Rica,CRI,2016,0.48704153,,North America
Costa Rica,CRI,2017,0.4834524,,North America
Costa Rica,CRI,2018,0.47970015,,North America
Costa Rica,CRI,2019,0.4818988,,North America
Costa Rica,CRI,2020,0.4924514,,North America
Costa Rica,CRI,2021,0.48678052,,North America
Costa Rica,CRI,2022,0.47151324,,North America
Costa Rica,CRI,2023,0.46729344,,North America
Cote d'Ivoire,CIV,1985,0.45521352,,
Cote d'Ivoire,CIV,1986,0.37969762,,
Cote d'Ivoire,CIV,1987,0.4050912,,
Cote d'Ivoire,CIV,1988,0.36886287,,
Cote d'Ivoire,CIV,1992,0.393822,,
Cote d'Ivoire,CIV,1995,0.40563822,,
Cote d'Ivoire,CIV,1998,0.38957423,,
Cote d'Ivoire,CIV,2008,0.43179876,,
Cote d'Ivoire,CIV,2015,0.41468868,,
Cote d'Ivoire,CIV,2018,0.37168875,,
Cote d'Ivoire,CIV,2021,0.35275364,,
Croatia,HRV,1988,0.22780727,,Europe
Croatia,HRV,2009,0.3255369,,Europe
Croatia,HRV,2010,0.32373103,,Europe
Croatia,HRV,2011,0.32254267,,Europe
Croatia,HRV,2012,0.324717,,Europe
Croatia,HRV,2013,0.3199227,,Europe
Croatia,HRV,2014,0.32102978,,Europe
Croatia,HRV,2015,0.31113166,,Europe
Croatia,HRV,2016,0.30897906,,Europe
Croatia,HRV,2017,0.30352312,,Europe
Croatia,HRV,2018,0.29728642,,Europe
Croatia,HRV,2019,0.28908294,,Europe
Croatia,HRV,2020,0.29543322,,Europe
Croatia,HRV,2021,0.28895962,,Europe
Cyprus,CYP,2004,0.30089056,,Asia
Cyprus,CYP,2005,0.30259413,,Asia
Cyprus,CYP,2006,0.31125963,,Asia
Cyprus,CYP,2007,0.31113273,,Asia
Cyprus,CYP,2008,0.31708607,,Asia
Cyprus,CYP,2009,0.32108265,,Asia
Cyprus,CYP,2010,0.3145779,,Asia
Cyprus,CYP,2011,0.326255,,Asia
Cyprus,CYP,2012,0.34312433,,Asia
Cyprus,CYP,2013,0.37041834,,Asia
Cyprus,CYP,2014,0.35565287,,Asia
Cyprus,CYP,2015,0.33966377,,Asia
Cyprus,CYP,2016,0.32891682,,Asia
Cyprus,CYP,2017,0.31416234,,Asia
Cyprus,CYP,2018,0.32739753,,Asia
Cyprus,CYP,2019,0.3122325,,Asia
Cyprus,CYP,2020,0.31727943,,Asia
Cyprus,CYP,2021,0.3125177,,Asia
Czechia,CZE,1992,0.20703283,,Europe
Czechia,CZE,1993,0.2655349,,Europe
Czechia,CZE,1996,0.2579901,,Europe
Czechia,CZE,2002,0.26555094,,Europe
Czechia,CZE,2004,0.2753318,,Europe
Czechia,CZE,2005,0.26946017,,Europe
Czechia,CZE,2006,0.26744118,,Europe
Czechia,CZE,2007,0.25998646,,Europe
Czechia,CZE,2008,0.26280212,,Europe
Czechia,CZE,2009,0.26156676,,Europe
Czechia,CZE,2010,0.26623514,,Europe
Czechia,CZE,2011,0.26381272,,Europe
Czechia,CZE,2012,0.26109937,,Europe
Czechia,CZE,2013,0.26473904,,Europe
Czechia,CZE,2014,0.25923222,,Europe
Czechia,CZE,2015,0.25867426,,Europe
Czechia,CZE,2016,0.25406334,,Europe
Czechia,CZE,2017,0.2485221,,Europe
Czechia,CZE,2018,0.24990341,,Europe
Czechia,CZE,2019,0.25262198,,Europe
Czechia,CZE,2020,0.26245132,,Europe
Czechia,CZE,2021,0.26202103,,Europe
Democratic Republic of Congo,COD,2004,0.41642156,,
Democratic Republic of Congo,COD,2012,0.42075598,,
Democratic Republic of Congo,COD,2020,0.44674513,,
Denmark,DNK,1987,0.26232305,,Europe
Denmark,DNK,1992,0.2469101,,Europe
Denmark,DNK,1995,0.22955896,,Europe
Denmark,DNK,2000,0.2376632,,Europe
Denmark,DNK,2003,0.2563103,,Europe
Denmark,DNK,2004,0.24911784,,Europe
Denmark,DNK,2005,0.2518638,,Europe
Denmark,DNK,2006,0.25913078,,Europe
Denmark,DNK,2007,0.26184258,,Europe
Denmark,DNK,2008,0.2524627,,Europe
Denmark,DNK,2009,0.26701188,,Europe
Denmark,DNK,2010,0.2719856,,Europe
Denmark,DNK,2011,0.27311745,,Europe
Denmark,DNK,2012,0.2779075,,Europe
Denmark,DNK,2013,0.28542534,,Europe
Denmark,DNK,2014,0.2835288,,Europe
Denmark,DNK,2015,0.28177238,,Europe
Denmark,DNK,2016,0.28187442,,Europe
Denmark,DNK,2017,0.28746662,,Europe
Denmark,DNK,2018,0.2816572,,Europe
Denmark,DNK,2019,0.27723306,,Europe
Denmark,DNK,2020,0.27503932,,Europe
Denmark,DNK,2021,0.28323486,,Europe
Djibouti,DJI,2002,0.39997312,,Africa
Djibouti,DJI,2012,0.45104358,,Africa
Djibouti,DJI,2013,0.44117805,,Africa
Djibouti,DJI,2017,0.41585726,,Africa
Dominican Republic,DOM,1986,0.47780794,,North America
Dominican Republic,DOM,1989,0.5044813,,North America
Dominican Republic,DOM,1992,0.5105286,,North America
Dominican Republic,DOM,1996,0.47418755,,North America
Dominican Republic,DOM,1997,0.48901546,,North America
Dominican Republic,DOM,2000,0.5151364,,North America
Dominican Republic,DOM,2001,0.49998924,,North America
Dominican Republic,DOM,2002,0.49671522,,North America
Dominican Republic,DOM,2003,0.5211965,,North America
Dominican Republic,DOM,2004,0.52049935,,North America
Dominican Republic,DOM,2005,0.499648,,North America
Dominican Republic,DOM,2006,0.51961064,,North America
Dominican Republic,DOM,2007,0.48855126,,North America
Dominican Republic,DOM,2008,0.48107398,,North America
Dominican Republic,DOM,2009,0.48875645,,North America
Dominican Republic,DOM,2010,0.47325817,,North America
Dominican Republic,DOM,2011,0.47706884,,North America
Dominican Republic,DOM,2012,0.46133503,,North America
Dominican Republic,DOM,2013,0.47656393,,North America
Dominican Republic,DOM,2014,0.442794,,North America
Dominican Republic,DOM,2015,0.4518094,,North America
Dominican Republic,DOM,2016,0.45722562,,North America
Dominican Republic,DOM,2017,0.42192984,,North America
Dominican Republic,DOM,2018,0.436861,,North America
Dominican Republic,DOM,2019,0.41917086,,North America
Dominican Republic,DOM,2020,0.39628294,,North America
Dominican Republic,DOM,2021,0.38529298,,North America
Dominican Republic,DOM,2022,0.36979377,,North America
East Timor,TLS,2001,0.35935292,,
East Timor,TLS,2007,0.27823317,,
East Timor,TLS,2014,0.28652927,,
Ecuador,ECU,1994,0.5333033,,South America
Ecuador,ECU,1999,0.5857073,,South America
Ecuador,ECU,2000,0.5629919,,South America
Ecuador,ECU,2003,0.5351386,,South America
Ecuador,ECU,2004,0.53889215,,South America
Ecuador,ECU,2005,0.53049964,,South America
Ecuador,ECU,2006,0.5224719,,South America
Ecuador,ECU,2007,0.53354627,,South America
Ecuador,ECU,2008,0.49787596,,South America
Ecuador,ECU,2009,0.48498443,,South America
Ecuador,ECU,2010,0.48799783,,South America
Ecuador,ECU,2011,0.45871222,,South America
Ecuador,ECU,2012,0.46109366,,South America
Ecuador,ECU,2013,0.46862358,,South America
Ecuador,ECU,2014,0.4499254,,South America
Ecuador,ECU,2015,0.459508,,South America
Ecuador,ECU,2016,0.4501621,,South America
Ecuador,ECU,2017,0.44669914,,South America
Ecuador,ECU,2018,0.45437902,,South America
Ecuador,ECU,2019,0.45709932,,South America
Ecuador,ECU,2020,0.47309554,,South America
Ecuador,ECU,2021,0.45797464,,South America
Ecuador,ECU,2022,0.45465034,,South America
Ecuador,ECU,2023,0.44579506,,South America
Egypt,EGY,1990,0.3200394,,Africa
Egypt,EGY,1995,0.3008284,,Africa
Egypt,EGY,1999,0.30834845,,Africa
Egypt,EGY,2004,0.31847546,,Africa
Egypt,EGY,2008,0.31102437,,Africa
Egypt,EGY,2010,0.30191457,,Africa
Egypt,EGY,2012,0.28292203,,Africa
Egypt,EGY,2015,0.31823358,,Africa
Egypt,EGY,2017,0.31533954,,Africa
Egypt,EGY,2019,0.31893092,,Africa
El Salvador,SLV,1989,0.48715472,,North America
El Salvador,SLV,1991,0.53793645,,North America
El Salvador,SLV,1995,0.49848166,,North America
El Salvador,SLV,1996,0.5095812,,North America
El Salvador,SLV,1998,0.54378504,,North America
El Salvador,SLV,1999,0.5208074,,North America
El Salvador,SLV,2000,0.5146378,,North America
El Salvador,SLV,2001,0.5134745,,North America
El Salvador,SLV,2002,0.518517,,North America
El Salvador,SLV,2003,0.5043636,,North America
El Salvador,SLV,2004,0.47799078,,North America
El Salvador,SLV,2005,0.48472306,,North America
El Salvador,SLV,2006,0.4568936,,North America
El Salvador,SLV,2007,0.45217508,,North America
El Salvador,SLV,2008,0.46885607,,North America
El Salvador,SLV,2009,0.4582485,,North America
El Salvador,SLV,2010,0.43513292,,North America
El Salvador,SLV,2011,0.4231799,,North America
El Salvador,SLV,2012,0.41828847,,North America
El Salvador,SLV,2013,0.43358666,,North America
El Salvador,SLV,2014,0.41559452,,North America
El Salvador,SLV,2015,0.4055182,,North America
El Salvador,SLV,2016,0.39978546,,North America
El Salvador,SLV,2017,0.38007155,,North America
El Salvador,SLV,2018,0.38610572,,North America
El Salvador,SLV,2019,0.38778764,,North America
El Salvador,SLV,2021,0.39010745,,North America
El Salvador,SLV,2022,0.38753173,,North America
Estonia,EST,1993,0.39427334,,Europe
Estonia,EST,2003,0.37195182,,Europe
Estonia,EST,2004,0.33559534,,Europe
Estonia,EST,2005,0.3344686,,Europe
Estonia,EST,2006,0.33667818,,Europe
Estonia,EST,2007,0.31178468,,Europe
Estonia,EST,2008,0.31915063,,Europe
Estonia,EST,2009,0.3144271,,Europe
Estonia,EST,2010,0.31999895,,Europe
Estonia,EST,2011,0.3248852,,Europe
Estonia,EST,2012,0.329136,,Europe
Estonia,EST,2013,0.35075676,,Europe
Estonia,EST,2014,0.3458795,,Europe
Estonia,EST,2015,0.3266799,,Europe
Estonia,EST,2016,0.3119477,,Europe
Estonia,EST,2017,0.30354318,,Europe
Estonia,EST,2018,0.3032016,,Europe
Estonia,EST,2019,0.30765438,,Europe
Estonia,EST,2020,0.30737108,,Europe
Estonia,EST,2021,0.31834,,Europe
Eswatini,SWZ,1994,0.5863356,,Africa
Eswatini,SWZ,2000,0.5311352,,Africa
Eswatini,SWZ,2009,0.5144115,,Africa
Eswatini,SWZ,2016,0.54579794,,Africa
Ethiopia,ETH,1995,0.44562823,,Africa
Ethiopia,ETH,1999,0.29975793,,Africa
Ethiopia,ETH,2004,0.29806852,,Africa
Ethiopia,ETH,2010,0.33170602,,Africa
Ethiopia,ETH,2015,0.34993124,,Africa
Fiji,FJI,2002,0.38102055,,Oceania
Fiji,FJI,2008,0.40375587,,Oceania
Fiji,FJI,2013,0.36696598,,Oceania
Fiji,FJI,2019,0.30706868,,Oceania
Finland,FIN,1987,0.22171399,,Europe
Finland,FIN,1991,0.22879761,,Europe
Finland,FIN,1995,0.23459136,,Europe
Finland,FIN,2000,0.27156627,,Europe
Finland,FIN,2003,0.27686426,,Europe
Finland,FIN,2004,0.27897653,,Europe
Finland,FIN,2005,0.27619493,,Europe
Finland,FIN,2006,0.27998725,,Europe
Finland,FIN,2007,0.28285563,,Europe
Finland,FIN,2008,0.27838135,,Europe
Finland,FIN,2009,0.27455276,,Europe
Finland,FIN,2010,0.2771396,,Europe
Finland,FIN,2011,0.27642646,,Europe
Finland,FIN,2012,0.27096376,,Europe
Finland,FIN,2013,0.27193668,,Europe
Finland,FIN,2014,0.26776803,,Europe
Finland,FIN,2015,0.2710181,,Europe
Finland,FIN,2016,0.27078423,,Europe
Finland,FIN,2017,0.2738283,,Europe
Finland,FIN,2018,0.27329567,,Europe
Finland,FIN,2019,0.27737123,,Europe
Finland,FIN,2020,0.27091044,,Europe
Finland,FIN,2021,0.27708507,,Europe
France,FRA,1970,0.37145555,,Europe
France,FRA,1975,0.35918272,,Europe
France,FRA,1979,0.34042618,,Europe
France,FRA,1984,0.33398122,,Europe
France,FRA,1990,0.32119063,,Europe
France,FRA,1996,0.32016575,,Europe
France,FRA,1997,0.3190015,,Europe
France,FRA,1998,0.31657764,,Europe
France,FRA,1999,0.32499772,,Europe
France,FRA,2000,0.32553056,,Europe
France,FRA,2001,0.3253329,,Europe
France,FRA,2002,0.31778157,,Europe
France,FRA,2003,0.31411052,,Europe
France,FRA,2004,0.30647254,,Europe
France,FRA,2005,0.29833862,,Europe
France,FRA,2006,0.29691088,,Europe
France,FRA,2007,0.32427707,,Europe
France,FRA,2008,0.32996443,,Europe
France,FRA,2009,0.3266122,,Europe
France,FRA,2010,0.33720416,,Europe
France,FRA,2011,0.3329475,,Europe
France,FRA,2012,0.3311486,,Europe
France,FRA,2013,0.32512552,,Europe
France,FRA,2014,0.32262158,,Europe
France,FRA,2015,0.32704228,,Europe
France,FRA,2016,0.31923512,,Europe
France,FRA,2017,0.3163205,,Europe
France,FRA,2018,0.32380664,,Europe
France,FRA,2019,0.31199563,,Europe
France,FRA,2020,0.3066147,,Europe
France,FRA,2021,0.31500953,,Europe
Gabon,GAB,2005,0.42184988,,Africa
Gabon,GAB,2017,0.38024372,,Africa
Gambia,GMB,1998,0.48250192,,Africa
Gambia,GMB,2003,0.47308534,,Africa
Gambia,GMB,2010,0.43568197,,Africa
Gambia,GMB,2015,0.35918832,,Africa
Gambia,GMB,2020,0.38757205,,Africa
Georgia,GEO,1996,0.37132707,,Asia
Georgia,GEO,1997,0.40682536,,Asia
Georgia,GEO,1998,0.4123018,,Asia
Georgia,GEO,1999,0.40128374,,Asia
Georgia,GEO,2000,0.4045976,,Asia
Georgia,GEO,2001,0.39557204,,Asia
Georgia,GEO,2002,0.3724613,,Asia
Georgia,GEO,2003,0.36650413,,Asia
Georgia,GEO,2004,0.3616882,,Asia
Georgia,GEO,2005,0.37375313,,Asia
Georgia,GEO,2006,0.36865547,,Asia
Georgia,GEO,2007,0.38108635,,Asia
Georgia,GEO,2008,0.38532716,,Asia
Georgia,GEO,2009,0.38234815,,Asia
Georgia,GEO,2010,0.394587,,Asia
Georgia,GEO,2011,0.3959351,,Asia
Georgia,GEO,2012,0.38953948,,Asia
Georgia,GEO,2013,0.38588807,,Asia
Georgia,GEO,2014,0.37554133,,Asia
Georgia,GEO,2015,0.36503676,,Asia
Georgia,GEO,2016,0.3663965,,Asia
Georgia,GEO,2017,0.37939596,,Asia
Georgia,GEO,2018,0.36411363,,Asia
Georgia,GEO,2019,0.35900706,,Asia
Georgia,GEO,2020,0.3446499,,Asia
Georgia,GEO,2021,0.3417846,,Asia
Georgia,GEO,2022,0.3350009,,Asia
Germany,DEU,1991,0.29492873,,Europe
Germany,DEU,1992,0.2907326,,Europe
Germany,DEU,1993,0.28612086,,Europe
Germany,DEU,1994,0.29159415,,Europe
Germany,DEU,1995,0.28811273,,Europe
Germany,DEU,1996,0.27993777,,Europe
Germany,DEU,1997,0.28246725,,Europe
Germany,DEU,1998,0.2827037,,Europe
Germany,DEU,1999,0.29047978,,Europe
Germany,DEU,2000,0.2888814,,Europe
Germany,DEU,2001,0.29949388,,Europe
Germany,DEU,2002,0.29810533,,Europe
Germany,DEU,2003,0.2980293,,Europe
Germany,DEU,2004,0.30192587,,Europe
Germany,DEU,2005,0.31704092,,Europe
Germany,DEU,2006,0.3104196,,Europe
Germany,DEU,2007,0.3117709,,Europe
Germany,DEU,2008,0.30800265,,Europe
Germany,DEU,2009,0.30479428,,Europe
Germany,DEU,2010,0.30218413,,Europe
Germany,DEU,2011,0.30610505,,Europe
Germany,DEU,2012,0.3105579,,Europe
Germany,DEU,2013,0.31453598,,Europe
Germany,DEU,2014,0.30847794,,Europe
Germany,DEU,2015,0.31653914,,Europe
Germany,DEU,2016,0.3141309,,Europe
Germany,DEU,2017,0.31314865,,Europe
Germany,DEU,2018,0.31872115,,Europe
Germany,DEU,2019,0.31780925,,Europe
Germany,DEU,2020,0.3243345,,Europe
Ghana,GHA,1987,0.35349578,,Africa
Ghana,GHA,1988,0.3599354,,Africa
Ghana,GHA,1991,0.38434562,,Africa
Ghana,GHA,1998,0.4007123,,Africa
Ghana,GHA,2005,0.42760354,,Africa
Ghana,GHA,2012,0.42372206,,Africa
Ghana,GHA,2016,0.43512443,,Africa
Greece,GRC,1995,0.3696663,,Europe
Greece,GRC,2000,0.34236935,,Europe
Greece,GRC,2003,0.32759297,,Europe
Greece,GRC,2004,0.33588123,,Europe
Greece,GRC,2005,0.34596738,,Europe
Greece,GRC,2006,0.35121885,,Europe
Greece,GRC,2007,0.33950907,,Europe
Greece,GRC,2008,0.33587772,,Europe
Greece,GRC,2009,0.33615103,,Europe
Greece,GRC,2010,0.3409893,,Europe
Greece,GRC,2011,0.3484217,,Europe
Greece,GRC,2012,0.362504,,Europe
Greece,GRC,2013,0.36127293,,Europe
Greece,GRC,2014,0.35804707,,Europe
Greece,GRC,2015,0.35996962,,Europe
Greece,GRC,2016,0.34956136,,Europe
Greece,GRC,2017,0.34350377,,Europe
Greece,GRC,2018,0.32890075,,Europe
Greece,GRC,2019,0.33101925,,Europe
Greece,GRC,2020,0.33558196,,Europe
Greece,GRC,2021,0.32939574,,Europe
Grenada,GRD,2018,0.4381641,,North America
Guatemala,GTM,1986,0.5413272,,North America
Guatemala,GTM,1989,0.5879788,,North America
Guatemala,GTM,1998,0.493976,,North America
Guatemala,GTM,2000,0.54173213,,North America
Guatemala,GTM,2006,0.54568464,,North America
Guatemala,GTM,2014,0.4827621,,North America
Guinea,GIN,1991,0.4446398,,Africa
Guinea,GIN,1994,0.46081552,,Africa
Guinea,GIN,2002,0.43000692,,Africa
Guinea,GIN,2007,0.39355347,,Africa
Guinea,GIN,2012,0.33729705,,Africa
Guinea,GIN,2018,0.29591954,,Africa
Guinea-Bissau,GNB,1991,0.557557,,Africa
Guinea-Bissau,GNB,1993,0.43609467,,Africa
Guinea-Bissau,GNB,2002,0.3556889,,Africa
Guinea-Bissau,GNB,2010,0.50604075,,Africa
Guinea-Bissau,GNB,2018,0.34765232,,Africa
Guinea-Bissau,GNB,2021,0.33435068,,Africa
Guyana,GUY,1992,0.3946759,,South America
Guyana,GUY,1998,0.45039394,,South America
Haiti,HTI,2001,0.5898769,,North America
Haiti,HTI,2012,0.6044839,,North America
Honduras,HND,1989,0.5536728,,North America
Honduras,HND,1990,0.5592856,,North America
Honduras,HND,1991,0.5182139,,North America
Honduras,HND,1992,0.51805204,,North America
Honduras,HND,1993,0.5344585,,North America
Honduras,HND,1994,0.54992497,,North America
Honduras,HND,1995,0.554708,,North America
Honduras,HND,1996,0.5569839,,North America
Honduras,HND,1997,0.5272781,,North America
Honduras,HND,1998,0.5729382,,North America
Honduras,HND,1999,0.55219996,,North America
Honduras,HND,2001,0.5535215,,North America
Honduras,HND,2002,0.5571017,,North America
Honduras,HND,2003,0.580804,,North America
Honduras,HND,2004,0.58094627,,North America
Honduras,HND,2005,0.5947935,,North America
Honduras,HND,2006,0.57526565,,North America
Honduras,HND,2007,0.5581602,,North America
Honduras,HND,2008,0.55489975,,North America
Honduras,HND,2009,0.5128177,,North America
Honduras,HND,2010,0.53085744,,North America
Honduras,HND,2011,0.5255424,,North America
Honduras,HND,2012,0.53365433,,North America
Honduras,HND,2013,0.49958706,,North America
Honduras,HND,2014,0.4987544,,North America
Honduras,HND,2015,0.4924883,,North America
Honduras,HND,2016,0.49810323,,North America
Honduras,HND,2017,0.49441433,,North America
Honduras,HND,2018,0.48936284,,North America
Honduras,HND,2019,0.48162824,,North America
Hungary,HUN,1987,0.20883092,,Europe
Hungary,HUN,1989,0.2504778,,Europe
Hungary,HUN,1991,0.29623857,,Europe
Hungary,HUN,1993,0.27938303,,Europe
Hungary,HUN,1994,0.33285955,,Europe
Hungary,HUN,1999,0.30219844,,Europe
Hungary,HUN,2004,0.29864362,,Europe
Hungary,HUN,2005,0.34721088,,Europe
Hungary,HUN,2006,0.28296095,,Europe
Hungary,HUN,2007,0.2788186,,Europe
Hungary,HUN,2008,0.27514026,,Europe
Hungary,HUN,2009,0.2695929,,Europe
Hungary,HUN,2010,0.2944413,,Europe
Hungary,HUN,2011,0.29157948,,Europe
Hungary,HUN,2012,0.3080265,,Europe
Hungary,HUN,2013,0.31504104,,Europe
Hungary,HUN,2014,0.3091348,,Europe
Hungary,HUN,2015,0.30407295,,Europe
Hungary,HUN,2016,0.30324444,,Europe
Hungary,HUN,2017,0.30582693,,Europe
Hungary,HUN,2018,0.2961145,,Europe
Hungary,HUN,2019,0.29950473,,Europe
Hungary,HUN,2020,0.29711774,,Europe
Hungary,HUN,2021,0.2917205,,Europe
Iceland,ISL,2003,0.26836038,,Europe
Iceland,ISL,2004,0.27981848,,Europe
Iceland,ISL,2005,0.29002446,,Europe
Iceland,ISL,2006,0.30245006,,Europe
Iceland,ISL,2007,0.29470885,,Europe
Iceland,ISL,2008,0.3178928,,Europe
Iceland,ISL,2009,0.2865624,,Europe
Iceland,ISL,2010,0.26171294,,Europe
Iceland,ISL,2011,0.26830265,,Europe
Iceland,ISL,2012,0.26769423,,Europe
Iceland,ISL,2013,0.25402915,,Europe
Iceland,ISL,2014,0.27800417,,Europe
Iceland,ISL,2015,0.26787972,,Europe
Iceland,ISL,2016,0.27241105,,Europe
Iceland,ISL,2017,0.2613158,,Europe
India,IND,1977,0.3321363,,Asia
India,IND,1983,0.32008487,,Asia
India,IND,1987,0.32458475,,Asia
India,IND,1993,0.31555128,,Asia
India,IND,2004,0.340089,,Asia
India,IND,2009,0.34889016,,Asia
India,IND,2011,0.3539906,,Asia
India,IND,2015,0.3468829,,Asia
India,IND,2016,0.34746763,,Asia
India,IND,2017,0.3590051,,Asia
India,IND,2018,0.34550628,,Asia
India,IND,2019,0.33812764,,Asia
India,IND,2020,0.33778515,,Asia
India,IND,2021,0.3277978,,Asia
Indonesia,IDN,1984,0.32302415,,Asia
Indonesia,IDN,1987,0.30412093,,Asia
Indonesia,IDN,1990,0.31069273,,Asia
Indonesia,IDN,1993,0.31755003,,Asia
Indonesia,IDN,1996,0.3421382,,Asia
Indonesia,IDN,1998,0.30853918,,Asia
Indonesia,IDN,1999,0.30788496,,Asia
Indonesia,IDN,2000,0.30306277,,Asia
Indonesia,IDN,2001,0.31165913,,Asia
Indonesia,IDN,2002,0.30163765,,Asia
Indonesia,IDN,2003,0.29323187,,Asia
Indonesia,IDN,2004,0.30416507,,Asia
Indonesia,IDN,2005,0.2990362,,Asia
Indonesia,IDN,2006,0.31524122,,Asia
Indonesia,IDN,2007,0.33231717,,Asia
Indonesia,IDN,2008,0.3263291,,Asia
Indonesia,IDN,2009,0.33432707,,Asia
Indonesia,IDN,2010,0.3458631,,Asia
Indonesia,IDN,2011,0.37925914,,Asia
Indonesia,IDN,2012,0.3714888,,Asia
Indonesia,IDN,2013,0.38926852,,Asia
Indonesia,IDN,2014,0.3877997,,Asia
Indonesia,IDN,2015,0.38207534,,Asia
Indonesia,IDN,2016,0.368857,,Asia
Indonesia,IDN,2017,0.3636789,,Asia
Indonesia,IDN,2018,0.36338645,,Asia
Indonesia,IDN,2019,0.35359862,,Asia
Indonesia,IDN,2020,0.35335615,,Asia
Indonesia,IDN,2021,0.35504764,,Asia
Indonesia,IDN,2022,0.3551203,,Asia
Indonesia,IDN,2023,0.3605703,,Asia
Iran,IRN,1986,0.4741963,,Asia
Iran,IRN,1990,0.43604776,,Asia
Iran,IRN,1994,0.42998368,,Asia
Iran,IRN,1998,0.4409564,,Asia
Iran,IRN,2005,0.43558642,,Asia
Iran,IRN,2006,0.44752038,,Asia
Iran,IRN,2009,0.42050025,,Asia
Iran,IRN,2011,0.34661996,,Asia
Iran,IRN,2012,0.3442554,,Asia
Iran,IRN,2013,0.3396952,,Asia
Iran,IRN,2014,0.34814033,,Asia
Iran,IRN,2015,0.35264048,,Asia
Iran,IRN,2016,0.35912308,,Asia
Iran,IRN,2017,0.36693677,,Asia
Iran,IRN,2018,0.37419906,,Asia
Iran,IRN,2019,0.36482257,,Asia
Iran,IRN,2020,0.3584295,,Asia
Iran,IRN,2021,0.3546873,,Asia
Iran,IRN,2022,0.34803438,,Asia
Iraq,IRQ,2006,0.28600612,,Asia
Iraq,IRQ,2012,0.29541856,,Asia
Ireland,IRL,1987,0.35466203,,Europe
Ireland,IRL,1994,0.36914206,,Europe
Ireland,IRL,1995,0.3704509,,Europe
Ireland,IRL,1996,0.35622135,,Europe
Ireland,IRL,2000,0.33005205,,Europe
Ireland,IRL,2002,0.32290256,,Europe
Ireland,IRL,2003,0.32887438,,Europe
Ireland,IRL,2004,0.33609548,,Europe
Ireland,IRL,2005,0.33753955,,Europe
Ireland,IRL,2006,0.327276,,Europe
Ireland,IRL,2007,0.31946594,,Europe
Ireland,IRL,2008,0.3090567,,Europe
Ireland,IRL,2009,0.32680362,,Europe
Ireland,IRL,2010,0.32295024,,Europe
Ireland,IRL,2011,0.32872406,,Europe
Ireland,IRL,2012,0.33220077,,Europe
Ireland,IRL,2013,0.3348598,,Europe
Ireland,IRL,2014,0.31874627,,Europe
Ireland,IRL,2015,0.31820488,,Europe
Ireland,IRL,2016,0.32807183,,Europe
Ireland,IRL,2017,0.31358823,,Europe
Ireland,IRL,2018,0.30602926,,Europe
Ireland,IRL,2019,0.308315,,Europe
Ireland,IRL,2020,0.292282,,Europe
Ireland,IRL,2021,0.30119276,,Europe
Israel,ISR,1979,0.36329976,,Asia
Israel,ISR,1986,0.3649054,,Asia
Israel,ISR,1992,0.35507256,,Asia
Israel,ISR,1997,0.38097107,,Asia
Israel,ISR,2001,0.38947663,,Asia
Israel,ISR,2002,0.39559424,,Asia
Israel,ISR,2003,0.4072257,,Asia
Israel,ISR,2004,0.414563,,Asia
Israel,ISR,2005,0.42267624,,Asia
Israel,ISR,2006,0.4155532,,Asia
Israel,ISR,2007,0.41098633,,Asia
Israel,ISR,2008,0.4164268,,Asia
Israel,ISR,2009,0.4263395,,Asia
Israel,ISR,2010,0.42559466,,Asia
Israel,ISR,2011,0.41444165,,Asia
Israel,ISR,2012,0.41302204,,Asia
Israel,ISR,2013,0.39870527,,Asia
Israel,ISR,2014,0.3975749,,Asia
Israel,ISR,2015,0.3971953,,Asia
Israel,ISR,2016,0.39013016,,Asia
Israel,ISR,2017,0.38202065,,Asia
Israel,ISR,2018,0.38577175,,Asia
Israel,ISR,2019,0.3828222,,Asia
Israel,ISR,2020,0.37773558,,Asia
Israel,ISR,2021,0.3789385,,Asia
Italy,ITA,1977,0.34006613,,Europe
Italy,ITA,1978,0.33277234,,Europe
Italy,ITA,1979,0.3326154,,Europe
Italy,ITA,1980,0.32899266,,Europe
Italy,ITA,1981,0.3157181,,Europe
Italy,ITA,1982,0.2923156,,Europe
Italy,ITA,1983,0.29767215,,Europe
Italy,ITA,1984,0.31334364,,Europe
Italy,ITA,1986,0.31162822,,Europe
Italy,ITA,1987,0.3417943,,Europe
Italy,ITA,1989,0.3210614,,Europe
Italy,ITA,1991,0.31049928,,Europe
Italy,ITA,1993,0.35086337,,Europe
Italy,ITA,1995,0.3521082,,Europe
Italy,ITA,1998,0.36652306,,Europe
Italy,ITA,2000,0.35244772,,Europe
Italy,ITA,2002,0.34695667,,Europe
Italy,ITA,2003,0.349287,,Europe
Italy,ITA,2004,0.3429304,,Europe
Italy,ITA,2005,0.33830953,,Europe
Italy,ITA,2006,0.3369475,,Europe
Italy,ITA,2007,0.32888263,,Europe
Italy,ITA,2008,0.3376773,,Europe
Italy,ITA,2009,0.3383298,,Europe
Italy,ITA,2010,0.3471675,,Europe
Italy,ITA,2011,0.35052994,,Europe
Italy,ITA,2012,0.3515148,,Europe
Italy,ITA,2013,0.3490567,,Europe
Italy,ITA,2014,0.34652385,,Europe
Italy,ITA,2015,0.35390034,,Europe
Italy,ITA,2016,0.35239598,,Europe
Italy,ITA,2017,0.35922197,,Europe
Italy,ITA,2018,0.35217315,,Europe
Italy,ITA,2019,0.34583586,,Europe
Italy,ITA,2020,0.352409,,Europe
Italy,ITA,2021,0.3484458,,Europe
Jamaica,JAM,1988,0.4315501,,North America
Jamaica,JAM,1990,0.41113734,,North America
Jamaica,JAM,1993,0.35673422,,North America
Jamaica,JAM,1996,0.40394902,,North America
Jamaica,JAM,1999,0.4407876,,North America
Jamaica,JAM,2002,0.4831574,,North America
Jamaica,JAM,2004,0.45457473,,North America
Jamaica,JAM,2018,0.3563868,,North America
Jamaica,JAM,2021,0.4021027,,North America
Japan,JPN,2008,0.34842315,,Asia
Japan,JPN,2010,0.3210032,,Asia
Japan,JPN,2013,0.3285473,,Asia
Jordan,JOR,1986,0.3606143,,Asia
Jordan,JOR,1992,0.43099582,,Asia
Jordan,JOR,1997,0.36420527,,Asia
Jordan,JOR,2002,0.36954618,,Asia
Jordan,JOR,2006,0.33856255,,Asia
Jordan,JOR,2008,0.3257345,,Asia
Jordan,JOR,2010,0.3365573,,Asia
Kazakhstan,KAZ,1993,0.32665735,,Asia
Kazakhstan,KAZ,1996,0.35378307,,Asia
Kazakhstan,KAZ,2001,0.3596447,,Asia
Kazakhstan,KAZ,2002,0.34811127,,Asia
Kazakhstan,KAZ,2003,0.33691478,,Asia
Kazakhstan,KAZ,2004,0.3183876,,Asia
Kazakhstan,KAZ,2005,0.39825976,,Asia
Kazakhstan,KAZ,2006,0.30243865,,Asia
Kazakhstan,KAZ,2007,0.30084056,,Asia
Kazakhstan,KAZ,2008,0.28496444,,Asia
Kazakhstan,KAZ,2009,0.28208867,,Asia
Kazakhstan,KAZ,2010,0.27954513,,Asia
Kazakhstan,KAZ,2011,0.27983844,,Asia
Kazakhstan,KAZ,2012,0.2816882,,Asia
Kazakhstan,KAZ,2013,0.2706543,,Asia
Kazakhstan,KAZ,2014,0.2701586,,Asia
Kazakhstan,KAZ,2015,0.26803666,,Asia
Kazakhstan,KAZ,2016,0.27225325,,Asia
Kazakhstan,KAZ,2017,0.27450275,,Asia
Kazakhstan,KAZ,2018,0.27792874,,Asia
Kazakhstan,KAZ,2019,0.27968282,,Asia
Kazakhstan,KAZ,2020,0.2868392,,Asia
Kazakhstan,KAZ,2021,0.29191533,,Asia
Kenya,KEN,1992,0.56925327,,Africa
Kenya,KEN,1994,0.43103355,,Africa
Kenya,KEN,1997,0.44982657,,Africa
Kenya,KEN,2005,0.46440154,,Africa
Kenya,KEN,2015,0.4077446,,Africa
Kenya,KEN,2020,0.36246458,,Africa
Kenya,KEN,2021,0.3870143,,Africa
Kiribati,KIR,2006,0.36973003,,Oceania
Kiribati,KIR,2019,0.27832702,,Oceania
Kosovo,OWID_KOS,2003,0.28953856,,
Kosovo,OWID_KOS,2005,0.3123823,,
Kosovo,OWID_KOS,2006,0.30321634,,
Kosovo,OWID_KOS,2009,0.31781715,,
Kosovo,OWID_KOS,2010,0.33254302,,
Kosovo,OWID_KOS,2011,0.27831748,,
Kosovo,OWID_KOS,2012,0.28972268,,
Kosovo,OWID_KOS,2013,0.2630659,,
Kosovo,OWID_KOS,2014,0.2727017,,
Kosovo,OWID_KOS,2015,0.26454154,,
Kosovo,OWID_KOS,2016,0.26721144,,
Kosovo,OWID_KOS,2017,0.29012942,,
Kyrgyzstan,KGZ,2000,0.31035012,,Asia
Kyrgyzstan,KGZ,2001,0.3016398,,Asia
Kyrgyzstan,KGZ,2002,0.30302387,,Asia
Kyrgyzstan,KGZ,2003,0.28708646,,Asia
Kyrgyzstan,KGZ,2004,0.3477343,,Asia
Kyrgyzstan,KGZ,2005,0.32561377,,Asia
Kyrgyzstan,KGZ,2006,0.3738124,,Asia
Kyrgyzstan,KGZ,2007,0.3391182,,Asia
Kyrgyzstan,KGZ,2008,0.3145067,,Asia
Kyrgyzstan,KGZ,2009,0.29874134,,Asia
Kyrgyzstan,KGZ,2010,0.30133882,,Asia
Kyrgyzstan,KGZ,2011,0.27839768,,Asia
Kyrgyzstan,KGZ,2012,0.27356887,,Asia
Kyrgyzstan,KGZ,2013,0.2881479,,Asia
Kyrgyzstan,KGZ,2014,0.26819003,,Asia
Kyrgyzstan,KGZ,2015,0.2899781,,Asia
Kyrgyzstan,KGZ,2016,0.26780704,,Asia
Kyrgyzstan,KGZ,2017,0.2733501,,Asia
Kyrgyzstan,KGZ,2018,0.27690327,,Asia
Kyrgyzstan,KGZ,2019,0.2970068,,Asia
Kyrgyzstan,KGZ,2020,0.28989273,,Asia
Kyrgyzstan,KGZ,2021,0.2879339,,Asia
Kyrgyzstan,KGZ,2022,0.26352528,,Asia
Laos,LAO,1992,0.34309775,,Asia
Laos,LAO,1997,0.34894043,,Asia
Laos,LAO,2002,0.32620108,,Asia
Laos,LAO,2007,0.35361034,,Asia
Laos,LAO,2012,0.35963547,,Asia
Laos,LAO,2018,0.38802433,,Asia
Latvia,LVA,1993,0.26993132,,Europe
Latvia,LVA,1995,0.30977485,,Europe
Latvia,LVA,1996,0.31590763,,Europe
Latvia,LVA,2004,0.36382675,,Europe
Latvia,LVA,2005,0.38973203,,Europe
Latvia,LVA,2006,0.35597068,,Europe
Latvia,LVA,2007,0.37461132,,Europe
Latvia,LVA,2008,0.37211615,,Europe
Latvia,LVA,2009,0.35945752,,Europe
Latvia,LVA,2010,0.35030317,,Europe
Latvia,LVA,2011,0.3577261,,Europe
Latvia,LVA,2012,0.35236055,,Europe
Latvia,LVA,2013,0.3549739,,Europe
Latvia,LVA,2014,0.3511365,,Europe
Latvia,LVA,2015,0.342025,,Europe
Latvia,LVA,2016,0.34328857,,Europe
Latvia,LVA,2017,0.35571036,,Europe
Latvia,LVA,2018,0.35095716,,Europe
Latvia,LVA,2019,0.34489113,,Europe
Latvia,LVA,2020,0.35703966,,Europe
Latvia,LVA,2021,0.3425585,,Europe
Lebanon,LBN,2011,0.3183245,,Asia
Lesotho,LSO,1986,0.56013536,,Africa
Lesotho,LSO,1994,0.63020104,,Africa
Lesotho,LSO,2002,0.51206875,,Africa
Lesotho,LSO,2017,0.44877714,,Africa
Liberia,LBR,2007,0.3643565,,Africa
Liberia,LBR,2014,0.33237883,,Africa
Liberia,LBR,2016,0.35265347,,Africa
Lithuania,LTU,1993,0.33183792,,Europe
Lithuania,LTU,2004,0.37011144,,Europe
Lithuania,LTU,2005,0.35296747,,Europe
Lithuania,LTU,2006,0.34414476,,Europe
Lithuania,LTU,2007,0.34789148,,Europe
Lithuania,LTU,2008,0.35727036,,Europe
Lithuania,LTU,2009,0.372185,,Europe
Lithuania,LTU,2010,0.33608764,,Europe
Lithuania,LTU,2011,0.3248645,,Europe
Lithuania,LTU,2012,0.35092333,,Europe
Lithuania,LTU,2013,0.35307336,,Europe
Lithuania,LTU,2014,0.37675053,,Europe
Lithuania,LTU,2015,0.3737032,,Europe
Lithuania,LTU,2016,0.38385862,,Europe
Lithuania,LTU,2017,0.3728361,,Europe
Lithuania,LTU,2018,0.35705343,,Europe
Lithuania,LTU,2019,0.35251358,,Europe
Lithuania,LTU,2020,0.35956645,,Europe
Lithuania,LTU,2021,0.36656412,,Europe
Luxembourg,LUX,1985,0.26294357,,Europe
Luxembourg,LUX,1986,0.28112763,,Europe
Luxembourg,LUX,1987,0.2954707,,Europe
Luxembourg,LUX,1988,0.28827298,,Europe
Luxembourg,LUX,1989,0.30814338,,Europe
Luxembourg,LUX,1990,0.2770192,,Europe
Luxembourg,LUX,1991,0.2717853,,Europe
Luxembourg,LUX,1992,0.27309504,,Europe
Luxembourg,LUX,1993,0.27047905,,Europe
Luxembourg,LUX,1994,0.28147867,,Europe
Luxembourg,LUX,1995,0.28301048,,Europe
Luxembourg,LUX,1996,0.29043368,,Europe
Luxembourg,LUX,1997,0.2957325,,Europe
Luxembourg,LUX,1998,0.30605367,,Europe
Luxembourg,LUX,1999,0.30041057,,Europe
Luxembourg,LUX,2000,0.30102962,,Europe
Luxembourg,LUX,2001,0.30926323,,Europe
Luxembourg,LUX,2002,0.3098299,,Europe
Luxembourg,LUX,2003,0.30187473,,Europe
Luxembourg,LUX,2004,0.30172697,,Europe
Luxembourg,LUX,2005,0.30840808,,Europe
Luxembourg,LUX,2006,0.3094812,,Europe
Luxembourg,LUX,2007,0.31133747,,Europe
Luxembourg,LUX,2008,0.32561544,,Europe
Luxembourg,LUX,2009,0.31196916,,Europe
Luxembourg,LUX,2010,0.3050438,,Europe
Luxembourg,LUX,2011,0.3205409,,Europe
Luxembourg,LUX,2012,0.3434715,,Europe
Luxembourg,LUX,2013,0.32035962,,Europe
Luxembourg,LUX,2014,0.31158078,,Europe
Luxembourg,LUX,2015,0.32921496,,Europe
Luxembourg,LUX,2016,0.31727898,,Europe
Luxembourg,LUX,2017,0.34515306,,Europe
Luxembourg,LUX,2018,0.35367873,,Europe
Luxembourg,LUX,2019,0.34241158,,Europe
Luxembourg,LUX,2020,0.3337364,,Europe
Luxembourg,LUX,2021,0.3273477,,Europe
Madagascar,MDG,1980,0.46848634,,Africa
Madagascar,MDG,1993,0.45207667,,Africa
Madagascar,MDG,1997,0.3943274,,Africa
Madagascar,MDG,1999,0.38583288,,Africa
Madagascar,MDG,2001,0.4741719,,Africa
Madagascar,MDG,2005,0.39928237,,Africa
Madagascar,MDG,2010,0.4238018,,Africa
Madagascar,MDG,2012,0.42551258,,Africa
Malawi,MWI,1997,0.6575494,,Africa
Malawi,MWI,2004,0.3987172,,Africa
Malawi,MWI,2010,0.45470712,,Africa
Malawi,MWI,2016,0.44694027,,Africa
Malawi,MWI,2019,0.38542363,,Africa
Malaysia,MYS,1984,0.48496294,,Asia
Malaysia,MYS,1987,0.47041824,,Asia
Malaysia,MYS,1989,0.46168482,,Asia
Malaysia,MYS,1992,0.47653723,,Asia
Malaysia,MYS,1995,0.48522663,,Asia
Malaysia,MYS,1997,0.49149647,,Asia
Malaysia,MYS,2003,0.4641619,,Asia
Malaysia,MYS,2006,0.4475235,,Asia
Malaysia,MYS,2008,0.45479712,,Asia
Malaysia,MYS,2011,0.43943596,,Asia
Malaysia,MYS,2013,0.41348827,,Asia
Malaysia,MYS,2015,0.410664,,Asia
Malaysia,MYS,2018,0.41176775,,Asia
Malaysia,MYS,2021,0.40668428,,Asia
Maldives,MDV,2002,0.41312027,,Asia
Maldives,MDV,2009,0.38372764,,Asia
Maldives,MDV,2016,0.31285647,,Asia
Maldives,MDV,2019,0.2928509,,Asia
Mali,MLI,1994,0.50157577,,Africa
Mali,MLI,2001,0.3986669,,Africa
Mali,MLI,2006,0.3892922,,Africa
Mali,MLI,2009,0.3303452,,Africa
Mali,MLI,2018,0.3596336,,Africa
Mali,MLI,2021,0.35653594,,Africa
Malta,MLT,2006,0.28019977,,Europe
Malta,MLT,2007,0.29207736,,Europe
Malta,MLT,2008,0.28995508,,Europe
Malta,MLT,2009,0.30244455,,Europe
Malta,MLT,2010,0.29025772,,Europe
Malta,MLT,2011,0.2914213,,Europe
Malta,MLT,2012,0.29360434,,Europe
Malta,MLT,2013,0.28843665,,Europe
Malta,MLT,2014,0.29020345,,Europe
Malta,MLT,2015,0.29433772,,Europe
Malta,MLT,2016,0.29089025,,Europe
Malta,MLT,2017,0.2923224,,Europe
Malta,MLT,2018,0.28665087,,Europe
Malta,MLT,2019,0.31041777,,Europe
Malta,MLT,2020,0.3140378,,Europe
Marshall Islands,MHL,2019,0.35482943,,Oceania
Mauritania,MRT,1987,0.4393751,,Africa
Mauritania,MRT,1993,0.49523884,,Africa
Mauritania,MRT,1995,0.37747362,,Africa
Mauritania,MRT,2000,0.39028475,,Africa
Mauritania,MRT,2004,0.40168753,,Africa
Mauritania,MRT,2008,0.35685378,,Africa
Mauritania,MRT,2014,0.3261935,,Africa
Mauritania,MRT,2019,0.31996742,,Africa
Mauritius,MUS,2006,0.3565342,,Africa
Mauritius,MUS,2012,0.384654,,Africa
Mauritius,MUS,2017,0.36761206,,Africa
Mexico,MEX,1984,0.4852701,,North America
Mexico,MEX,1989,0.5010927,,North America
Mexico,MEX,1992,0.52310747,,North America
Mexico,MEX,1994,0.5342225,,North America
Mexico,MEX,1996,0.51971495,,North America
Mexico,MEX,1998,0.532833,,North America
Mexico,MEX,2000,0.53417677,,North America
Mexico,MEX,2002,0.50582963,,North America
Mexico,MEX,2004,0.50343114,,North America
Mexico,MEX,2005,0.509391,,North America
Mexico,MEX,2006,0.49712282,,North America
Mexico,MEX,2008,0.50843656,,North America
Mexico,MEX,2010,0.47658002,,North America
Mexico,MEX,2012,0.49597254,,North America
Mexico,MEX,2014,0.48912397,,North America
Mexico,MEX,2016,0.4691244,,North America
Mexico,MEX,2018,0.4595491,,North America
Mexico,MEX,2020,0.44594344,,North America
Mexico,MEX,2022,0.4345403,,North America
Micronesia (country),FSM,2005,0.423558,,
Micronesia (country),FSM,2013,0.4005239,,
Moldova,MDA,1997,0.3694212,,Europe
Moldova,MDA,1998,0.39518264,,Europe
Moldova,MDA,1999,0.42623976,,Europe
Moldova,MDA,2000,0.36424187,,Europe
Moldova,MDA,2001,0.37987787,,Europe
Moldova,MDA,2002,0.3584591,,Europe
Moldova,MDA,2003,0.34902084,,Europe
Moldova,MDA,2004,0.35029566,,Europe
Moldova,MDA,2005,0.36280838,,Europe
Moldova,MDA,2006,0.35399717,,Europe
Moldova,MDA,2007,0.34421042,,Europe
Moldova,MDA,2008,0.34692442,,Europe
Moldova,MDA,2009,0.32910907,,Europe
Moldova,MDA,2010,0.3205092,,Europe
Moldova,MDA,2011,0.30628577,,Europe
Moldova,MDA,2012,0.2915884,,Europe
Moldova,MDA,2013,0.2853416,,Europe
Moldova,MDA,2014,0.26833853,,Europe
Moldova,MDA,2015,0.27028158,,Europe
Moldova,MDA,2016,0.26345387,,Europe
Moldova,MDA,2017,0.25899243,,Europe
Moldova,MDA,2018,0.25661647,,Europe
Moldova,MDA,2019,0.26016647,,Europe
Moldova,MDA,2021,0.25731638,,Europe
Mongolia,MNG,1995,0.3319534,,Asia
Mongolia,MNG,1998,0.30271962,,Asia
Mongolia,MNG,2002,0.32892948,,Asia
Mongolia,MNG,2007,0.3582187,,Asia
Mongolia,MNG,2010,0.33081213,,Asia
Mongolia,MNG,2011,0.33883506,,Asia
Mongolia,MNG,2012,0.33751616,,Asia
Mongolia,MNG,2014,0.3203779,,Asia
Mongolia,MNG,2016,0.32345733,,Asia
Mongolia,MNG,2018,0.3274099,,Asia
Mongolia,MNG,2022,0.31416476,,Asia
Montenegro,MNE,2012,0.4120649,,Europe
Montenegro,MNE,2013,0.39021727,,Europe
Montenegro,MNE,2014,0.38769355,,Europe
Montenegro,MNE,2015,0.39005032,,Europe
Montenegro,MNE,2016,0.38467047,,Europe
Montenegro,MNE,2017,0.36881563,,Europe
Montenegro,MNE,2018,0.36809078,,Europe
Montenegro,MNE,2019,0.35665408,,Europe
Montenegro,MNE,2020,0.35412416,,Europe
Montenegro,MNE,2021,0.34297183,,Europe
Morocco,MAR,1984,0.36468908,,Africa
Morocco,MAR,1990,0.39206904,,Africa
Morocco,MAR,1998,0.39353913,,Africa
Morocco,MAR,2000,0.40636948,,Africa
Morocco,MAR,2006,0.40718302,,Africa
Morocco,MAR,2013,0.39548507,,Africa
Mozambique,MOZ,1996,0.53288776,,Africa
Mozambique,MOZ,2002,0.4695471,,Africa
Mozambique,MOZ,2008,0.45489126,,Africa
Mozambique,MOZ,2014,0.53956276,,Africa
Mozambique,MOZ,2019,0.50274074,,Africa
Myanmar,MMR,2015,0.3806851,,Asia
Myanmar,MMR,2017,0.3069687,,Asia
Namibia,NAM,1993,0.7105055,,Africa
Namibia,NAM,2003,0.6331717,,Africa
Namibia,NAM,2009,0.6096475,,Africa
Namibia,NAM,2015,0.5906661,,Africa
Nauru,NRU,2012,0.3236158,,Oceania
Nepal,NPL,1984,0.3005754,,Asia
Nepal,NPL,1995,0.35207018,,Asia
Nepal,NPL,2003,0.43768105,,Asia
Nepal,NPL,2010,0.32840586,,Asia
Nepal,NPL,2022,0.30020264,,Asia
Netherlands,NLD,1983,0.28364104,,Europe
Netherlands,NLD,1987,0.26769555,,Europe
Netherlands,NLD,1990,0.31086653,,Europe
Netherlands,NLD,1993,0.3043144,,Europe
Netherlands,NLD,1999,0.28063396,,Europe
Netherlands,NLD,2004,0.29800007,,Europe
Netherlands,NLD,2005,0.2904823,,Europe
Netherlands,NLD,2006,0.30043328,,Europe
Netherlands,NLD,2007,0.2959278,,Europe
Netherlands,NLD,2008,0.29298013,,Europe
Netherlands,NLD,2009,0.27881998,,Europe
Netherlands,NLD,2010,0.2784524,,Europe
Netherlands,NLD,2011,0.27750087,,Europe
Netherlands,NLD,2012,0.2762093,,Europe
Netherlands,NLD,2013,0.2810648,,Europe
Netherlands,NLD,2014,0.2863142,,Europe
Netherlands,NLD,2015,0.2824158,,Europe
Netherlands,NLD,2016,0.2817357,,Europe
Netherlands,NLD,2017,0.28535804,,Europe
Netherlands,NLD,2018,0.28121036,,Europe
Netherlands,NLD,2019,0.29248324,,Europe
Netherlands,NLD,2020,0.2599421,,Europe
Netherlands,NLD,2021,0.2574387,,Europe
Nicaragua,NIC,1993,0.5712674,,North America
Nicaragua,NIC,1998,0.5437746,,North America
Nicaragua,NIC,2001,0.5287496,,North America
Nicaragua,NIC,2005,0.48820096,,North America
Nicaragua,NIC,2009,0.43941638,,North America
Nicaragua,NIC,2014,0.46156293,,North America
Niger,NER,1992,0.3604249,,Africa
Niger,NER,1994,0.4141697,,Africa
Niger,NER,2005,0.44369024,,Africa
Niger,NER,2007,0.3730385,,Africa
Niger,NER,2011,0.31451714,,Africa
Niger,NER,2014,0.34276575,,Africa
Niger,NER,2018,0.37259424,,Africa
Niger,NER,2021,0.32862565,,Africa
Nigeria,NGA,1985,0.3867785,,Africa
Nigeria,NGA,1992,0.44885525,,Africa
Nigeria,NGA,1996,0.51879764,,Africa
Nigeria,NGA,2003,0.40058756,,Africa
Nigeria,NGA,2010,0.3565021,,Africa
Nigeria,NGA,2012,0.35513008,,Africa
Nigeria,NGA,2015,0.35879776,,Africa
Nigeria,NGA,2018,0.35127744,,Africa
North Macedonia,MKD,2009,0.42760608,,Europe
North Macedonia,MKD,2010,0.40062812,,Europe
North Macedonia,MKD,2011,0.39360264,,Europe
North Macedonia,MKD,2012,0.38132146,,Europe
North Macedonia,MKD,2013,0.36238977,,Europe
North Macedonia,MKD,2014,0.35201505,,Europe
North Macedonia,MKD,2015,0.35590458,,Europe
North Macedonia,MKD,2016,0.3453449,,Europe
North Macedonia,MKD,2017,0.34198847,,Europe
North Macedonia,MKD,2018,0.32960445,,Europe
North Macedonia,MKD,2019,0.33505824,,Europe
Norway,NOR,1979,0.2689476,,Europe
Norway,NOR,1986,0.24630482,,Europe
Norway,NOR,1991,0.25226194,,Europe
Norway,NOR,1995,0.26019552,,Europe
Norway,NOR,2000,0.27358785,,Europe
Norway,NOR,2003,0.2762688,,Europe
Norway,NOR,2004,0.3157802,,Europe
Norway,NOR,2005,0.30596998,,Europe
Norway,NOR,2006,0.2635382,,Europe
Norway,NOR,2007,0.27090636,,Europe
Norway,NOR,2008,0.26996335,,Europe
Norway,NOR,2009,0.2615822,,Europe
Norway,NOR,2010,0.2572369,,Europe
Norway,NOR,2011,0.25300157,,Europe
Norway,NOR,2012,0.25725982,,Europe
Norway,NOR,2013,0.26361105,,Europe
Norway,NOR,2014,0.26752558,,Europe
Norway,NOR,2015,0.27496743,,Europe
Norway,NOR,2016,0.28493318,,Europe
Norway,NOR,2017,0.2698671,,Europe
Norway,NOR,2018,0.27560204,,Europe
Norway,NOR,2019,0.2774182,,Europe
Pakistan,PAK,1987,0.3331653,,Asia
Pakistan,PAK,1990,0.33248037,,Asia
Pakistan,PAK,1996,0.28664988,,Asia
Pakistan,PAK,1998,0.33123294,,Asia
Pakistan,PAK,2001,0.2865302,,Asia
Pakistan,PAK,2004,0.30886108,,Asia
Pakistan,PAK,2005,0.31261253,,Asia
Pakistan,PAK,2007,0.29669502,,Asia
Pakistan,PAK,2010,0.28780863,,Asia
Pakistan,PAK,2011,0.29697958,,Asia
Pakistan,PAK,2013,0.29528573,,Asia
Pakistan,PAK,2015,0.31291267,,Asia
Pakistan,PAK,2018,0.29589266,,Asia
Palestine,PSE,2004,0.3404466,,Asia
Palestine,PSE,2005,0.34742624,,Asia
Palestine,PSE,2006,0.3395928,,Asia
Palestine,PSE,2007,0.35606077,,Asia
Palestine,PSE,2009,0.34463975,,Asia
Palestine,PSE,2010,0.3529443,,Asia
Palestine,PSE,2011,0.34415236,,Asia
Palestine,PSE,2016,0.3369004,,Asia
Panama,PAN,1979,0.48740143,,North America
Panama,PAN,1989,0.58622766,,North America
Panama,PAN,1991,0.5802924,,North America
Panama,PAN,1995,0.576667,,North America
Panama,PAN,1997,0.58143127,,North America
Panama,PAN,1998,0.5736364,,North America
Panama,PAN,1999,0.5635335,,North America
Panama,PAN,2000,0.5659207,,North America
Panama,PAN,2001,0.5670764,,North America
Panama,PAN,2002,0.560917,,North America
Panama,PAN,2003,0.5565018,,North America
Panama,PAN,2004,0.54772496,,North America
Panama,PAN,2005,0.5380034,,North America
Panama,PAN,2006,0.54636407,,North America
Panama,PAN,2007,0.52685326,,North America
Panama,PAN,2008,0.5269304,,North America
Panama,PAN,2009,0.51770425,,North America
Panama,PAN,2010,0.516088,,North America
Panama,PAN,2011,0.51347023,,North America
Panama,PAN,2012,0.51739,,North America
Panama,PAN,2013,0.51456016,,North America
Panama,PAN,2014,0.5046555,,North America
Panama,PAN,2015,0.50805664,,North America
Panama,PAN,2016,0.50406915,,North America
Panama,PAN,2017,0.49885073,,North America
Panama,PAN,2018,0.49211547,,North America
Panama,PAN,2019,0.49837545,,North America
Panama,PAN,2021,0.5085843,,North America
Panama,PAN,2023,0.48875833,,North America
Papua New Guinea,PNG,1996,0.45765835,,Oceania
Papua New Guinea,PNG,2009,0.41850442,,Oceania
Paraguay,PRY,1990,0.4083735,,South America
Paraguay,PRY,1995,0.5814064,,South America
Paraguay,PRY,1997,0.54888344,,South America
Paraguay,PRY,1999,0.5457138,,South America
Paraguay,PRY,2001,0.54626775,,South America
Paraguay,PRY,2002,0.57274485,,South America
Paraguay,PRY,2003,0.54937583,,South America
Paraguay,PRY,2004,0.52260363,,South America
Paraguay,PRY,2005,0.5138116,,South America
Paraguay,PRY,2006,0.5299425,,South America
Paraguay,PRY,2007,0.5304046,,South America
Paraguay,PRY,2008,0.50704694,,South America
Paraguay,PRY,2009,0.49145123,,South America
Paraguay,PRY,2010,0.5098244,,South America
Paraguay,PRY,2011,0.52309674,,South America
Paraguay,PRY,2012,0.47633564,,South America
Paraguay,PRY,2013,0.479354,,South America
Paraguay,PRY,2014,0.50702643,,South America
Paraguay,PRY,2015,0.47605744,,South America
Paraguay,PRY,2016,0.47899717,,South America
Paraguay,PRY,2017,0.4854749,,South America
Paraguay,PRY,2018,0.459551,,South America
Paraguay,PRY,2019,0.45650637,,South America
Paraguay,PRY,2020,0.43481943,,South America
Paraguay,PRY,2021,0.4290515,,South America
Paraguay,PRY,2022,0.45108196,,South America
Peru,PER,1997,0.5325665,,South America
Peru,PER,1998,0.55117506,,South America
Peru,PER,1999,0.5482133,,South America
Peru,PER,2000,0.49072054,,South America
Peru,PER,2001,0.5130185,,South America
Peru,PER,2002,0.535637,,South America
Peru,PER,2003,0.5307964,,South America
Peru,PER,2004,0.4987963,,South America
Peru,PER,2005,0.5044914,,South America
Peru,PER,2006,0.50332135,,South America
Peru,PER,2007,0.5002141,,South America
Peru,PER,2008,0.47486418,,South America
Peru,PER,2009,0.47006038,,South America
Peru,PER,2010,0.45537677,,South America
Peru,PER,2011,0.44659775,,South America
Peru,PER,2012,0.4444003,,South America
Peru,PER,2013,0.4388273,,South America
Peru,PER,2014,0.43138838,,South America
Peru,PER,2015,0.43356073,,South America
Peru,PER,2016,0.4363899,,South America
Peru,PER,2017,0.43292674,,South America
Peru,PER,2018,0.4236557,,South America
Peru,PER,2019,0.4152813,,South America
Peru,PER,2020,0.4373994,,South America
Peru,PER,2021,0.4012181,,South America
Peru,PER,2022,0.40349188,,South America
Philippines,PHL,1985,0.41037434,,Asia
Philippines,PHL,1988,0.4074627,,Asia
Philippines,PHL,1991,0.4382355,,Asia
Philippines,PHL,1994,0.42888388,,Asia
Philippines,PHL,1997,0.45962209,,Asia
Philippines,PHL,2000,0.42799473,,Asia
Philippines,PHL,2003,0.4149466,,Asia
Philippines,PHL,2006,0.4285884,,Asia
Philippines,PHL,2009,0.41760337,,Asia
Philippines,PHL,2012,0.4222433,,Asia
Philippines,PHL,2015,0.40351498,,Asia
Philippines,PHL,2018,0.37811705,,Asia
Philippines,PHL,2021,0.37268466,,Asia
Poland,POL,1985,0.25083962,,Europe
Poland,POL,1986,0.27984542,,Europe
Poland,POL,1987,0.2552513,,Europe
Poland,POL,1989,0.26794213,,Europe
Poland,POL,1992,0.29298562,,Europe
Poland,POL,1995,0.3464313,,Europe
Poland,POL,1999,0.32289156,,Europe
Poland,POL,2004,0.3802178,,Europe
Poland,POL,2005,0.35808384,,Europe
Poland,POL,2006,0.34667546,,Europe
Poland,POL,2007,0.34001285,,Europe
Poland,POL,2008,0.33485633,,Europe
Poland,POL,2009,0.33355722,,Europe
Poland,POL,2010,0.3321481,,Europe
Poland,POL,2011,0.33180645,,Europe
Poland,POL,2012,0.3302016,,Europe
Poland,POL,2013,0.33137318,,Europe
Poland,POL,2014,0.32824445,,Europe
Poland,POL,2015,0.3175091,,Europe
Poland,POL,2016,0.31189167,,Europe
Poland,POL,2017,0.2968527,,Europe
Poland,POL,2018,0.302149,,Europe
Poland,POL,2019,0.28760177,,Europe
Poland,POL,2020,0.284626,,Europe
Poland,POL,2021,0.28479505,,Europe
Portugal,PRT,2003,0.38775018,,Europe
Portugal,PRT,2004,0.38938782,,Europe
Portugal,PRT,2005,0.38480073,,Europe
Portugal,PRT,2006,0.3806078,,Europe
Portugal,PRT,2007,0.36750183,,Europe
Portugal,PRT,2008,0.3663415,,Europe
Portugal,PRT,2009,0.34907416,,Europe
Portugal,PRT,2010,0.35844672,,Europe
Portugal,PRT,2011,0.36344677,,Europe
Portugal,PRT,2012,0.36034793,,Europe
Portugal,PRT,2013,0.36187103,,Europe
Portugal,PRT,2014,0.35562173,,Europe
Portugal,PRT,2015,0.355233,,Europe
Portugal,PRT,2016,0.3519052,,Europe
Portugal,PRT,2017,0.3380384,,Europe
Portugal,PRT,2018,0.33492562,,Europe
Portugal,PRT,2019,0.32762748,,Europe
Portugal,PRT,2020,0.3466863,,Europe
Portugal,PRT,2021,0.3459202,,Europe
Qatar,QAT,2017,0.35128385,,Asia
Romania,ROU,1989,0.23307304,,Europe
Romania,ROU,1992,0.25461727,,Europe
Romania,ROU,1994,0.28200582,,Europe
Romania,ROU,1995,0.31158027,,Europe
Romania,ROU,1997,0.30504426,,Europe
Romania,ROU,2006,0.3964077,,Europe
Romania,ROU,2007,0.37547696,,Europe
Romania,ROU,2008,0.36428705,,Europe
Romania,ROU,2009,0.35564327,,Europe
Romania,ROU,2010,0.3547109,,Europe
Romania,ROU,2011,0.3586662,,Europe
Romania,ROU,2012,0.3654543,,Europe
Romania,ROU,2013,0.3691507,,Europe
Romania,ROU,2014,0.36009043,,Europe
Romania,ROU,2015,0.35913625,,Europe
Romania,ROU,2016,0.34406662,,Europe
Romania,ROU,2017,0.36012593,,Europe
Romania,ROU,2018,0.35758388,,Europe
Romania,ROU,2019,0.34800515,,Europe
Romania,ROU,2020,0.3457019,,Europe
Romania,ROU,2021,0.3385264,,Europe
Russia,RUS,1993,0.45385477,,Europe
Russia,RUS,1996,0.4609863,,Europe
Russia,RUS,1997,0.38409194,,Europe
Russia,RUS,1998,0.38137,,Europe
Russia,RUS,1999,0.37443382,,Europe
Russia,RUS,2000,0.37092733,,Europe
Russia,RUS,2001,0.36924976,,Europe
Russia,RUS,2002,0.37283763,,Europe
Russia,RUS,2003,0.39971545,,Europe
Russia,RUS,2004,0.4031583,,Europe
Russia,RUS,2005,0.41265598,,Europe
Russia,RUS,2006,0.4095094,,Europe
Russia,RUS,2007,0.42272472,,Europe
Russia,RUS,2008,0.41568583,,Europe
Russia,RUS,2009,0.398456,,Europe
Russia,RUS,2010,0.39548978,,Europe
Russia,RUS,2011,0.39749315,,Europe
Russia,RUS,2012,0.40714827,,Europe
Russia,RUS,2013,0.40884423,,Europe
Russia,RUS,2014,0.3988122,,Europe
Russia,RUS,2015,0.37710539,,Europe
Russia,RUS,2016,0.368485,,Europe
Russia,RUS,2017,0.37239072,,Europe
Russia,RUS,2018,0.37473005,,Europe
Russia,RUS,2019,0.37736863,,Europe
Russia,RUS,2020,0.36068243,,Europe
Rwanda,RWA,2000,0.4851838,,Africa
Rwanda,RWA,2005,0.52019864,,Africa
Rwanda,RWA,2010,0.4722184,,Africa
Rwanda,RWA,2013,0.45111495,,Africa
Rwanda,RWA,2016,0.43709454,,Africa
Saint Lucia,LCA,1995,0.4258438,,North America
Saint Lucia,LCA,2015,0.5122298,,North America
Samoa,WSM,2002,0.4073552,,Oceania
Samoa,WSM,2008,0.4204655,,Oceania
Samoa,WSM,2013,0.38743454,,Oceania
Sao Tome and Principe,STP,2000,0.32125893,,Africa
Sao Tome and Principe,STP,2010,0.3082127,,Africa
Sao Tome and Principe,STP,2017,0.4072948,,Africa
Senegal,SEN,1991,0.5404016,,Africa
Senegal,SEN,1994,0.39245197,,Africa
Senegal,SEN,2001,0.41229436,,Africa
Senegal,SEN,2005,0.3921271,,Africa
Senegal,SEN,2011,0.40274113,,Africa
Senegal,SEN,2018,0.38314784,,Africa
Senegal,SEN,2021,0.3615772,,Africa
Serbia,SRB,2012,0.39887607,,Europe
Serbia,SRB,2013,0.3944599,,Europe
Serbia,SRB,2014,0.40437588,,Europe
Serbia,SRB,2015,0.40461844,,Europe
Serbia,SRB,2016,0.38775226,,Europe
Serbia,SRB,2017,0.36105734,,Europe
Serbia,SRB,2018,0.35003355,,Europe
Serbia,SRB,2019,0.34475464,,Europe
Serbia,SRB,2020,0.34950927,,Europe
Serbia,SRB,2021,0.3312897,,Europe
Seychelles,SYC,1999,0.42776692,,Africa
Seychelles,SYC,2006,0.42767617,,Africa
Seychelles,SYC,2013,0.46822062,,Africa
Seychelles,SYC,2018,0.3212532,,Africa
Sierra Leone,SLE,2003,0.40167344,,Africa
Sierra Leone,SLE,2011,0.34030157,,Africa
Sierra Leone,SLE,2018,0.35690176,,Africa
Slovakia,SVK,1992,0.20186578,,Europe
Slovakia,SVK,1996,0.26275486,,Europe
Slovakia,SVK,2004,0.2707678,,Europe
Slovakia,SVK,2005,0.29296494,,Europe
Slovakia,SVK,2006,0.25797036,,Europe
Slovakia,SVK,2007,0.24664712,,Europe
Slovakia,SVK,2008,0.26024988,,Europe
Slovakia,SVK,2009,0.2723098,,Europe
Slovakia,SVK,2010,0.2731572,,Europe
Slovakia,SVK,2011,0.2653828,,Europe
Slovakia,SVK,2012,0.26115808,,Europe
Slovakia,SVK,2013,0.28086153,,Europe
Slovakia,SVK,2014,0.26103425,,Europe
Slovakia,SVK,2015,0.26491234,,Europe
Slovakia,SVK,2016,0.2515492,,Europe
Slovakia,SVK,2017,0.23237365,,Europe
Slovakia,SVK,2018,0.24970019,,Europe
Slovakia,SVK,2019,0.23232324,,Europe
Slovakia,SVK,2020,0.24219424,,Europe
Slovakia,SVK,2021,0.2411022,,Europe
Slovenia,SVN,1987,0.2359837,,Europe
Slovenia,SVN,1993,0.2911778,,Europe
Slovenia,SVN,1997,0.241215,,Europe
Slovenia,SVN,1999,0.24042886,,Europe
Slovenia,SVN,2004,0.24790733,,Europe
Slovenia,SVN,2005,0.24634741,,Europe
Slovenia,SVN,2006,0.24363928,,Europe
Slovenia,SVN,2007,0.24354753,,Europe
Slovenia,SVN,2008,0.23718019,,Europe
Slovenia,SVN,2009,0.24787736,,Europe
Slovenia,SVN,2010,0.24933259,,Europe
Slovenia,SVN,2011,0.24868034,,Europe
Slovenia,SVN,2012,0.25585502,,Europe
Slovenia,SVN,2013,0.26241106,,Europe
Slovenia,SVN,2014,0.25657535,,Europe
Slovenia,SVN,2015,0.25408465,,Europe
Slovenia,SVN,2016,0.24757937,,Europe
Slovenia,SVN,2017,0.24219307,,Europe
Slovenia,SVN,2018,0.24633364,,Europe
Slovenia,SVN,2019,0.24384232,,Europe
Slovenia,SVN,2020,0.24031529,,Europe
Slovenia,SVN,2021,0.2428228,,Europe
Solomon Islands,SLB,2005,0.46088147,,Oceania
Solomon Islands,SLB,2012,0.37054926,,Oceania
South Africa,ZAF,1993,0.5933394,,Africa
South Africa,ZAF,2000,0.5776966,,Africa
South Africa,ZAF,2005,0.6476209,,Africa
South Africa,ZAF,2008,0.63009,,Africa
South Africa,ZAF,2010,0.6338269,,Africa
South Africa,ZAF,2014,0.630258,,Africa
South Korea,KOR,2006,0.31702983,,Asia
South Korea,KOR,2008,0.32324833,,Asia
South Korea,KOR,2010,0.32021224,,Asia
South Korea,KOR,2012,0.31558052,,Asia
South Korea,KOR,2014,0.31192905,,Asia
South Korea,KOR,2016,0.35222206,,Asia
South Korea,KOR,2017,0.34854642,,Asia
South Korea,KOR,2018,0.33725032,,Asia
South Korea,KOR,2019,0.33196163,,Asia
South Korea,KOR,2020,0.32708606,,Asia
South Korea,KOR,2021,0.32906574,,Asia
South Sudan,SSD,2009,0.46318194,,Africa
South Sudan,SSD,2016,0.44057786,,Africa
Spain,ESP,1980,0.34483546,,Europe
Spain,ESP,1985,0.34431675,,Europe
Spain,ESP,1990,0.32023215,,Europe
Spain,ESP,1993,0.3565849,,Europe
Spain,ESP,1994,0.35103723,,Europe
Spain,ESP,1995,0.35726634,,Europe
Spain,ESP,1996,0.36464584,,Europe
Spain,ESP,1997,0.35324422,,Europe
Spain,ESP,1998,0.34580052,,Europe
Spain,ESP,1999,0.3379193,,Europe
Spain,ESP,2000,0.34128913,,Europe
Spain,ESP,2003,0.31800938,,Europe
Spain,ESP,2004,0.33301964,,Europe
Spain,ESP,2005,0.32431775,,Europe
Spain,ESP,2006,0.33541158,,Europe
Spain,ESP,2007,0.3413741,,Europe
Spain,ESP,2008,0.342204,,Europe
Spain,ESP,2009,0.34924084,,Europe
Spain,ESP,2010,0.35244486,,Europe
Spain,ESP,2011,0.35693976,,Europe
Spain,ESP,2012,0.35403663,,Europe
Spain,ESP,2013,0.36181897,,Europe
Spain,ESP,2014,0.3605231,,Europe
Spain,ESP,2015,0.3617834,,Europe
Spain,ESP,2016,0.35757092,,Europe
Spain,ESP,2017,0.3465126,,Europe
Spain,ESP,2018,0.3471633,,Europe
Spain,ESP,2019,0.34303716,,Europe
Spain,ESP,2020,0.34863645,,Europe
Spain,ESP,2021,0.3388591,,Europe
Sri Lanka,LKA,1985,0.32467854,,Asia
Sri Lanka,LKA,1990,0.32447433,,Asia
Sri Lanka,LKA,1995,0.35399538,,Asia
Sri Lanka,LKA,2002,0.40171906,,Asia
Sri Lanka,LKA,2006,0.3966902,,Asia
Sri Lanka,LKA,2009,0.36054152,,Asia
Sri Lanka,LKA,2012,0.38713607,,Asia
Sri Lanka,LKA,2016,0.39345774,,Asia
Sri Lanka,LKA,2019,0.37663776,,Asia
Sudan,SDN,2009,0.35395128,,Africa
Sudan,SDN,2014,0.3424273,,Africa
Suriname,SUR,2022,0.39179897,,South America
Sweden,SWE,1975,0.24283695,,Europe
Sweden,SWE,1981,0.22923574,,Europe
Sweden,SWE,1987,0.23057628,,Europe
Sweden,SWE,1992,0.24908733,,Europe
Sweden,SWE,1995,0.25236505,,Europe
Sweden,SWE,2000,0.2696006,,Europe
Sweden,SWE,2001,0.2654536,,Europe
Sweden,SWE,2002,0.26216906,,Europe
Sweden,SWE,2003,0.25268546,,Europe
Sweden,SWE,2004,0.2614015,,Europe
Sweden,SWE,2005,0.26821113,,Europe
Sweden,SWE,2006,0.26351255,,Europe
Sweden,SWE,2007,0.27114177,,Europe
Sweden,SWE,2008,0.2811921,,Europe
Sweden,SWE,2009,0.27339876,,Europe
Sweden,SWE,2010,0.27736187,,Europe
Sweden,SWE,2011,0.27605262,,Europe
Sweden,SWE,2012,0.27643898,,Europe
Sweden,SWE,2013,0.28822792,,Europe
Sweden,SWE,2014,0.28388658,,Europe
Sweden,SWE,2015,0.29209688,,Europe
Sweden,SWE,2016,0.29561213,,Europe
Sweden,SWE,2017,0.28774142,,Europe
Sweden,SWE,2018,0.29971606,,Europe
Sweden,SWE,2019,0.2930465,,Europe
Sweden,SWE,2020,0.28870627,,Europe
Sweden,SWE,2021,0.29765385,,Europe
Switzerland,CHE,1982,0.3600527,,Europe
Switzerland,CHE,1992,0.33854857,,Europe
Switzerland,CHE,2000,0.33431056,,Europe
Switzerland,CHE,2002,0.31686732,,Europe
Switzerland,CHE,2004,0.31564513,,Europe
Switzerland,CHE,2006,0.33918807,,Europe
Switzerland,CHE,2007,0.34255534,,Europe
Switzerland,CHE,2008,0.337947,,Europe
Switzerland,CHE,2009,0.32855856,,Europe
Switzerland,CHE,2010,0.3255303,,Europe
Switzerland,CHE,2011,0.3171362,,Europe
Switzerland,CHE,2012,0.31567127,,Europe
Switzerland,CHE,2013,0.3246219,,Europe
Switzerland,CHE,2014,0.3252566,,Europe
Switzerland,CHE,2015,0.32306957,,Europe
Switzerland,CHE,2016,0.33042452,,Europe
Switzerland,CHE,2017,0.32676333,,Europe
Switzerland,CHE,2018,0.3314104,,Europe
Switzerland,CHE,2019,0.3399834,,Europe
Switzerland,CHE,2020,0.33737928,,Europe
Syria,SYR,1996,0.3516938,,Asia
Syria,SYR,2003,0.37514603,,Asia
Syria,SYR,2006,0.4014725,,Asia
Syria,SYR,2009,0.40394777,,Asia
Syria,SYR,2022,0.26628006,,Asia
Taiwan,TWN,1981,0.29969484,,Asia
Taiwan,TWN,1986,0.29707956,,Asia
Taiwan,TWN,1991,0.29967803,,Asia
Taiwan,TWN,1995,0.3132387,,Asia
Taiwan,TWN,1997,0.30822107,,Asia
Taiwan,TWN,2000,0.31111476,,Asia
Taiwan,TWN,2005,0.32179585,,Asia
Taiwan,TWN,2007,0.32124567,,Asia
Taiwan,TWN,2010,0.33213326,,Asia
Taiwan,TWN,2013,0.32487386,,Asia
Taiwan,TWN,2016,0.31448635,,Asia
Taiwan,TWN,2017,0.31754693,,Asia
Taiwan,TWN,2018,0.31633675,,Asia
Taiwan,TWN,2019,0.3119192,,Asia
Taiwan,TWN,2020,0.31231022,,Asia
Taiwan,TWN,2021,0.31566375,,Asia
Tajikistan,TJK,1999,0.2953486,,Asia
Tajikistan,TJK,2003,0.3271972,,Asia
Tajikistan,TJK,2004,0.3360195,,Asia
Tajikistan,TJK,2007,0.32182014,,Asia
Tajikistan,TJK,2009,0.30774954,,Asia
Tajikistan,TJK,2015,0.3399559,,Asia
Tanzania,TZA,1991,0.35275686,,Africa
Tanzania,TZA,2000,0.37266687,,Africa
Tanzania,TZA,2007,0.40277025,,Africa
Tanzania,TZA,2011,0.3778315,,Africa
Tanzania,TZA,2018,0.4049123,,Africa
Thailand,THA,1981,0.4521682,,Asia
Thailand,THA,1988,0.43838593,,Asia
Thailand,THA,1990,0.45265648,,Asia
Thailand,THA,1992,0.47857958,,Asia
Thailand,THA,1994,0.43470213,,Asia
Thailand,THA,1996,0.42904922,,Asia
Thailand,THA,1998,0.41455793,,Asia
Thailand,THA,1999,0.43091586,,Asia
Thailand,THA,2000,0.42833668,,Asia
Thailand,THA,2002,0.41944495,,Asia
Thailand,THA,2004,0.42540312,,Asia
Thailand,THA,2006,0.41819033,,Asia
Thailand,THA,2007,0.39761516,,Asia
Thailand,THA,2008,0.40288273,,Asia
Thailand,THA,2009,0.39601263,,Asia
Thailand,THA,2010,0.3940277,,Asia
Thailand,THA,2011,0.37459034,,Asia
Thailand,THA,2012,0.39256668,,Asia
Thailand,THA,2013,0.37847108,,Asia
Thailand,THA,2014,0.37032664,,Asia
Thailand,THA,2015,0.35987332,,Asia
Thailand,THA,2016,0.3689063,,Asia
Thailand,THA,2017,0.36382803,,Asia
Thailand,THA,2018,0.36412174,,Asia
Thailand,THA,2019,0.34855723,,Asia
Thailand,THA,2020,0.34985816,,Asia
Thailand,THA,2021,0.34923872,,Asia
Togo,TGO,2006,0.42211255,,Africa
Togo,TGO,2011,0.4601219,,Africa
Togo,TGO,2015,0.43023092,,Africa
Togo,TGO,2018,0.42534238,,Africa
Togo,TGO,2021,0.37858006,,Africa
Tonga,TON,2000,0.37690175,,Oceania
Tonga,TON,2009,0.3749649,,Oceania
Tonga,TON,2015,0.33521304,,Oceania
Tonga,TON,2021,0.27095765,,Oceania
Trinidad and Tobago,TTO,1988,0.4260131,,North America
Trinidad and Tobago,TTO,1992,0.40185452,,North America
Tunisia,TUN,1985,0.4343376,,Africa
Tunisia,TUN,1990,0.40102237,,Africa
Tunisia,TUN,1995,0.41657296,,Africa
Tunisia,TUN,2000,0.40809476,,Africa
Tunisia,TUN,2005,0.37733382,,Africa
Tunisia,TUN,2010,0.35808256,,Africa
Tunisia,TUN,2015,0.32815883,,Africa
Tunisia,TUN,2021,0.33716425,,Africa
Turkey,TUR,1987,0.4103413,,Asia
Turkey,TUR,1994,0.413152,,Asia
Turkey,TUR,2002,0.41396376,,Asia
Turkey,TUR,2003,0.42184338,,Asia
Turkey,TUR,2004,0.4128751,,Asia
Turkey,TUR,2005,0.42614657,,Asia
Turkey,TUR,2006,0.39647412,,Asia
Turkey,TUR,2007,0.384428,,Asia
Turkey,TUR,2008,0.3902054,,Asia
Turkey,TUR,2009,0.3896531,,Asia
Turkey,TUR,2010,0.3878508,,Asia
Turkey,TUR,2011,0.40039355,,Asia
Turkey,TUR,2012,0.40168938,,Asia
Turkey,TUR,2013,0.401785,,Asia
Turkey,TUR,2014,0.41236562,,Asia
Turkey,TUR,2015,0.42854458,,Asia
Turkey,TUR,2016,0.41873705,,Asia
Turkey,TUR,2017,0.4353174,,Asia
Turkey,TUR,2018,0.42441463,,Asia
Turkey,TUR,2019,0.4383382,,Asia
Turkey,TUR,2020,0.43045047,,Asia
Turkey,TUR,2021,0.44364843,,Asia
Turkmenistan,TKM,1998,0.40806928,,Asia
Tuvalu,TUV,2010,0.39139032,,Oceania
Uganda,UGA,1989,0.44362718,,Africa
Uganda,UGA,1992,0.41423506,,Africa
Uganda,UGA,1996,0.39042878,,Africa
Uganda,UGA,1999,0.42997676,,Africa
Uganda,UGA,2002,0.4516984,,Africa
Uganda,UGA,2005,0.4294434,,Africa
Uganda,UGA,2009,0.44190434,,Africa
Uganda,UGA,2012,0.41009575,,Africa
Uganda,UGA,2016,0.42753503,,Africa
Uganda,UGA,2019,0.42702642,,Africa
Ukraine,UKR,1992,0.2970884,,Europe
Ukraine,UKR,1993,0.28926983,,Europe
Ukraine,UKR,1995,0.39231017,,Europe
Ukraine,UKR,1996,0.35153562,,Europe
Ukraine,UKR,2002,0.29045695,,Europe
Ukraine,UKR,2003,0.28664893,,Europe
Ukraine,UKR,2004,0.28934017,,Europe
Ukraine,UKR,2005,0.29020715,,Europe
Ukraine,UKR,2006,0.29794392,,Europe
Ukraine,UKR,2007,0.27012688,,Europe
Ukraine,UKR,2008,0.2663823,,Europe
Ukraine,UKR,2009,0.25316665,,Europe
Ukraine,UKR,2010,0.24818976,,Europe
Ukraine,UKR,2011,0.24551843,,Europe
Ukraine,UKR,2012,0.24740657,,Europe
Ukraine,UKR,2013,0.24554986,,Europe
Ukraine,UKR,2014,0.24025366,,Europe
Ukraine,UKR,2015,0.2545754,,Europe
Ukraine,UKR,2016,0.25002202,,Europe
Ukraine,UKR,2017,0.26049048,,Europe
Ukraine,UKR,2018,0.26071486,,Europe
Ukraine,UKR,2019,0.26619467,,Europe
Ukraine,UKR,2020,0.25627363,,Europe
United Arab Emirates,ARE,2013,0.3251042,,Asia
United Arab Emirates,ARE,2018,0.26399004,,Asia
United Kingdom,GBR,1968,0.2684166,,Europe
United Kingdom,GBR,1969,0.27904898,,Europe
United Kingdom,GBR,1970,0.27964503,,Europe
United Kingdom,GBR,1971,0.2929356,,Europe
United Kingdom,GBR,1972,0.28776282,,Europe
United Kingdom,GBR,1973,0.2881038,,Europe
United Kingdom,GBR,1974,0.28957152,,Europe
United Kingdom,GBR,1975,0.27880856,,Europe
United Kingdom,GBR,1976,0.27589646,,Europe
United Kingdom,GBR,1977,0.27141878,,Europe
United Kingdom,GBR,1978,0.2723537,,Europe
United Kingdom,GBR,1979,0.2743262,,Europe
United Kingdom,GBR,1980,0.28477892,,Europe
United Kingdom,GBR,1981,0.2968705,,Europe
United Kingdom,GBR,1982,0.29903,,Europe
United Kingdom,GBR,1983,0.29786685,,Europe
United Kingdom,GBR,1984,0.29166204,,Europe
United Kingdom,GBR,1985,0.30419374,,Europe
United Kingdom,GBR,1986,0.31919184,,Europe
United Kingdom,GBR,1987,0.3385342,,Europe
United Kingdom,GBR,1988,0.34272873,,Europe
United Kingdom,GBR,1989,0.33354205,,Europe
United Kingdom,GBR,1990,0.3574197,,Europe
United Kingdom,GBR,1991,0.34962818,,Europe
United Kingdom,GBR,1992,0.34955472,,Europe
United Kingdom,GBR,1993,0.3507596,,Europe
United Kingdom,GBR,1994,0.35978922,,Europe
United Kingdom,GBR,1995,0.3551664,,Europe
United Kingdom,GBR,1996,0.3529524,,Europe
United Kingdom,GBR,1997,0.35735163,,Europe
United Kingdom,GBR,1998,0.36621472,,Europe
United Kingdom,GBR,1999,0.3678378,,Europe
United Kingdom,GBR,2000,0.38848642,,Europe
United Kingdom,GBR,2001,0.37086216,,Europe
United Kingdom,GBR,2002,0.35146394,,Europe
United Kingdom,GBR,2003,0.34856063,,Europe
United Kingdom,GBR,2004,0.34834158,,Europe
United Kingdom,GBR,2005,0.35485032,,Europe
United Kingdom,GBR,2006,0.35879987,,Europe
United Kingdom,GBR,2007,0.34413147,,Europe
United Kingdom,GBR,2008,0.35445124,,Europe
United Kingdom,GBR,2009,0.35137364,,Europe
United Kingdom,GBR,2010,0.337056,,Europe
United Kingdom,GBR,2011,0.33191085,,Europe
United Kingdom,GBR,2012,0.33090645,,Europe
United Kingdom,GBR,2013,0.32699567,,Europe
United Kingdom,GBR,2014,0.3314094,,Europe
United Kingdom,GBR,2015,0.33311963,,Europe
United Kingdom,GBR,2016,0.33109283,,Europe
United Kingdom,GBR,2017,0.3260817,,Europe
United Kingdom,GBR,2018,0.33689743,,Europe
United Kingdom,GBR,2019,0.32824126,,Europe
United Kingdom,GBR,2020,0.32644516,,Europe
United Kingdom,GBR,2021,0.32414576,,Europe
United States,USA,1963,0.3759994,,North America
United States,USA,1964,0.3813833,,North America
United States,USA,1965,0.37497944,,North America
United States,USA,1966,0.37782517,,North America
United States,USA,1967,0.36886352,,North America
United States,USA,1968,0.36326116,,North America
United States,USA,1969,0.36014515,,North America
United States,USA,1970,0.36631274,,North America
United States,USA,1971,0.3691743,,North America
United States,USA,1972,0.36661345,,North America
United States,USA,1973,0.36112794,,North America
United States,USA,1974,0.35476592,,North America
United States,USA,1975,0.35648412,,North America
United States,USA,1976,0.35560542,,North America
United States,USA,1977,0.35504344,,North America
United States,USA,1978,0.34790027,,North America
United States,USA,1979,0.34758896,,North America
United States,USA,1980,0.34716922,,North America
United States,USA,1981,0.35487545,,North America
United States,USA,1982,0.3666043,,North America
United States,USA,1983,0.37292022,,North America
United States,USA,1984,0.37344342,,North America
United States,USA,1985,0.37640676,,North America
United States,USA,1986,0.3755635,,North America
United States,USA,1987,0.37196118,,North America
United States,USA,1988,0.37705094,,North America
United States,USA,1989,0.38237965,,North America
United States,USA,1990,0.38262504,,North America
United States,USA,1991,0.38044858,,North America
United States,USA,1992,0.38372815,,North America
United States,USA,1993,0.4036311,,North America
United States,USA,1994,0.39985397,,North America
United States,USA,1995,0.39853615,,North America
United States,USA,1996,0.40308332,,North America
United States,USA,1997,0.40524158,,North America
United States,USA,1998,0.39951783,,North America
United States,USA,1999,0.39984423,,North America
United States,USA,2000,0.40138903,,North America
United States,USA,2001,0.40594307,,North America
United States,USA,2002,0.40352058,,North America
United States,USA,2003,0.40770072,,North America
United States,USA,2004,0.40250537,,North America
United States,USA,2005,0.40962887,,North America
United States,USA,2006,0.413959,,North America
United States,USA,2007,0.40795898,,North America
United States,USA,2008,0.40809166,,North America
United States,USA,2009,0.40608335,,North America
United States,USA,2010,0.40007547,,North America
United States,USA,2011,0.40934193,,North America
United States,USA,2012,0.4093412,,North America
United States,USA,2013,0.40649238,,North America
United States,USA,2014,0.41508022,,North America
United States,USA,2015,0.41235605,,North America
United States,USA,2016,0.41118968,,North America
United States,USA,2017,0.41177237,,North America
United States,USA,2018,0.4140517,,North America
United States,USA,2019,0.41533518,,North America
United States,USA,2020,0.39682114,,North America
United States,USA,2021,0.39696464,,North America
United States,USA,2022,0.41334125,,North America
Uruguay,URY,2006,0.4594136,,South America
Uruguay,URY,2007,0.46404734,,South America
Uruguay,URY,2008,0.4508151,,South America
Uruguay,URY,2009,0.45541507,,South America
Uruguay,URY,2010,0.44474792,,South America
Uruguay,URY,2011,0.42175132,,South America
Uruguay,URY,2012,0.39900422,,South America
Uruguay,URY,2013,0.40450785,,South America
Uruguay,URY,2014,0.40110928,,South America
Uruguay,URY,2015,0.40128586,,South America
Uruguay,URY,2016,0.3969534,,South America
Uruguay,URY,2017,0.39464375,,South America
Uruguay,URY,2018,0.39687112,,South America
Uruguay,URY,2019,0.3967629,,South America
Uruguay,URY,2020,0.40155584,,South America
Uruguay,URY,2021,0.40776816,,South America
Uruguay,URY,2022,0.40551677,,South America
Uzbekistan,UZB,1998,0.44268507,,Asia
Uzbekistan,UZB,2000,0.36011636,,Asia
Uzbekistan,UZB,2002,0.33036503,,Asia
Uzbekistan,UZB,2003,0.3526095,,Asia
Uzbekistan,UZB,2022,0.31184828,,Asia
Vanuatu,VUT,2010,0.37351298,,Oceania
Vanuatu,VUT,2019,0.32317576,,Oceania
Venezuela,VEN,1981,0.5560985,,South America
Venezuela,VEN,1987,0.5344797,,South America
Venezuela,VEN,1989,0.43776318,,South America
Venezuela,VEN,1992,0.42061847,,South America
Venezuela,VEN,1995,0.4716726,,South America
Venezuela,VEN,1998,0.47999668,,South America
Venezuela,VEN,1999,0.47699356,,South America
Venezuela,VEN,2001,0.4717132,,South America
Venezuela,VEN,2002,0.48879746,,South America
Venezuela,VEN,2003,0.47908917,,South America
Venezuela,VEN,2004,0.4731904,,South America
Venezuela,VEN,2005,0.49318564,,South America
Venezuela,VEN,2006,0.44699317,,South America
Vietnam,VNM,1992,0.35654002,,Asia
Vietnam,VNM,1997,0.35442206,,Asia
Vietnam,VNM,2002,0.37029624,,Asia
Vietnam,VNM,2004,0.36785832,,Asia
Vietnam,VNM,2006,0.35788617,,Asia
Vietnam,VNM,2008,0.35570312,,Asia
Vietnam,VNM,2010,0.39252725,,Asia
Vietnam,VNM,2012,0.35645887,,Asia
Vietnam,VNM,2014,0.34755376,,Asia
Vietnam,VNM,2016,0.3526674,,Asia
Vietnam,VNM,2018,0.35715547,,Asia
Vietnam,VNM,2020,0.36790165,,Asia
Vietnam,VNM,2022,0.36093006,,Asia
Yemen,YEM,1998,0.34997785,,Asia
Yemen,YEM,2005,0.34732336,,Asia
Yemen,YEM,2014,0.36707094,,Asia
Zambia,ZMB,1991,0.5940293,,Africa
Zambia,ZMB,1993,0.5255011,,Africa
Zambia,ZMB,1996,0.48328376,,Africa
Zambia,ZMB,1998,0.4912212,,Africa
Zambia,ZMB,2002,0.4205863,,Africa
Zambia,ZMB,2004,0.54263926,,Africa
Zambia,ZMB,2006,0.54569334,,Africa
Zambia,ZMB,2010,0.52011114,,Africa
Zambia,ZMB,2015,0.5583758,,Africa
Zambia,ZMB,2022,0.51483124,,Africa
Zimbabwe,ZWE,2011,0.43153575,,Africa
Zimbabwe,ZWE,2017,0.44337082,,Africa
Zimbabwe,ZWE,2019,0.5025645,,Africa
